year,mon,mday,fog,rain,snow,snowfallm,snowfalli,snowdepthm,snowdepthi,hail,thunder,tornado,meantempm,meantempi,meandewptm,meandewpti,meanpressurem,meanpressurei,meanwindspdm,meanwindspdi,meanwdire,meanwdird,meanvism,meanvisi,humidity,maxtempm,maxtempi,mintempm,mintempi,maxhumidity,minhumidity,maxdewptm,maxdewpti,mindewptm,mindewpti,maxpressurem,maxpressurei,minpressurem,minpressurei,maxwspdm,maxwspdi,minwspdm,minwspdi,maxvism,maxvisi,minvism,minvisi,gdegreedays,heatingdegreedays,coolingdegreedays,precipm,precipi,precipsource
2017,01,01,0,0,0,,,,,0,0,0,15,60,13,56,1017.85,30.06,1,0,Variable,-1,1.9,1.1,93,22,73,8,47,100,54,18,64,10,50,1020,30.12,1016,30.01,4,2,0,0,3.5,2.2,1.0,0.6,10,5,0,0.0,0.00,3Or6HourObs
2017,01,02,1,0,0,,,,,0,0,0,15,60,12,54,1019.45,30.10,1,1,ENE,70,2.6,1.5,90,23,73,7,46,100,43,18,64,8,46,1021,30.15,1018,30.06,9,6,0,0,6.0,3.7,0.5,0.0,10,6,0,0.0,0.00,3Or6HourObs
2017,01,03,0,0,0,,,,,0,0,0,14,58,14,57,1018.82,30.09,1,0,Variable,-1,1.8,1.1,94,21,70,8,47,100,64,18,64,10,50,1021,30.15,1017,30.03,6,4,0,0,3.5,2.2,1.0,0.6,8,6,0,0.0,0.00,3Or6HourObs
2017,01,04,1,0,0,,,,,0,0,0,16,61,14,58,1015.96,30.01,2,1,ENE,76,1.9,1.2,94,21,71,10,51,100,68,18,64,12,53,1018,30.06,1014,29.95,11,7,0,0,2.5,1.6,0.8,0.5,11,4,0,0.0,0.00,Precip6GroupSynop
2017,01,05,1,0,0,,,,,0,0,0,15,60,14,57,1014.69,29.97,1,1,Variable,-1,1.9,1.1,97,21,71,9,49,100,75,18,65,10,50,1017,30.04,1012,29.88,7,5,0,0,3.5,2.2,0.0,0.0,10,5,0,0.0,0.00,Precip6GroupSynop
2017,01,06,1,0,0,,,,,0,0,0,12,55,14,57,1012.13,29.89,5,3,SSE,147,1.1,0.7,100,15,60,10,50,100,98,16,61,12,54,1013,29.92,1011,29.85,22,14,0,0,2.0,1.2,0.5,0.0,5,10,0,0.0,0.00,3Or6HourObs
2017,01,07,0,0,0,,,,,0,0,0,12,55,13,55,1012.41,29.90,7,4,ESE,105,3.0,1.8,99,19,66,8,47,100,83,17,63,10,50,1015,29.98,1011,29.86,20,13,0,0,5.0,3.1,1.0,0.6,5,10,0,0.0,0.00,3Or6HourObs
2017,01,08,0,0,0,,,,,0,0,0,12,52,11,51,1016.62,30.03,2,1,North,3,3.1,1.9,98,17,62,6,42,100,88,15,59,7,45,1019,30.11,1014,29.95,11,7,0,0,5.0,3.1,2.0,1.0,2,13,0,0.0,0.00,3Or6HourObs
2017,01,09,0,0,0,,,,,0,0,0,10,51,6,43,1016.87,30.03,5,3,NW,308,3.5,2.2,81,18,64,3,38,100,34,11,52,3,37,1019,30.09,1016,30.01,18,12,0,0,5.0,3.1,2.0,1.0,1,14,0,0.0,0.00,3Or6HourObs
2017,01,10,0,0,0,,,,,0,0,0,8,48,3,38,1016.59,30.03,1,1,West,275,2.5,1.5,79,16,61,1,35,100,26,6,43,-0,31,1019,30.09,1015,29.98,11,7,0,0,5.0,3.1,2.0,1.0,0,17,0,0.0,0.00,3Or6HourObs
2017,01,11,0,0,0,,,,,0,0,0,8,48,4,39,1016.77,30.03,2,1,West,277,1.7,1.1,78,17,63,0,33,100,21,10,50,-1,30,1019,30.08,1015,29.98,11,7,0,0,2.5,1.6,1.0,0.6,0,17,0,0.0,0.00,3Or6HourObs
2017,01,12,0,0,0,,,,,0,0,0,8,48,4,39,1016.73,30.03,1,1,WNW,297,1.9,1.1,76,17,64,0,33,100,28,8,46,0,32,1018,30.08,1015,29.98,11,7,0,0,3.5,2.2,1.0,0.6,0,16,0,0.0,0.00,3Or6HourObs
2017,01,13,0,0,0,,,,,0,0,0,9,48,5,41,1017.79,30.06,2,1,WNW,289,2.4,1.4,81,17,64,1,33,100,32,8,46,2,36,1020,30.12,1016,30.01,15,9,0,0,3.5,2.2,1.0,0.6,0,16,0,0.0,0.00,3Or6HourObs
2017,01,14,0,0,0,,,,,0,0,0,8,47,6,42,1019.63,30.11,5,3,NW,320,2.2,1.3,81,14,58,2,36,100,42,10,50,4,39,1023,30.21,1017,30.04,32,20,0,0,3.5,2.2,1.0,0.6,0,18,0,0.0,0.00,3Or6HourObs
2017,01,15,0,1,0,,,,,0,1,0,14,56,8,46,1018.13,30.07,7,4,SE,127,4.1,2.5,71,20,69,7,44,100,24,12,54,3,37,1021,30.15,1016,30.00,161,100,0,0,6.0,3.7,2.0,1.0,6,8,0,5.0,0.20,Precip6GroupSynop
2017,01,16,1,1,0,,,,,0,0,0,11,52,11,51,1017.50,30.05,6,4,NW,316,1.7,1.1,100,15,59,7,44,100,98,14,57,7,44,1020,30.11,1015,29.97,15,9,0,0,3.0,1.9,0.0,0.0,2,13,0,0.0,0.00,3Or6HourObs
2017,01,17,1,0,0,,,,,0,0,0,10,50,9,49,1018.18,30.07,0,0,Variable,-1,1.6,1.0,100,15,59,5,41,100,99,14,57,6,43,1021,30.16,1016,30.01,4,2,0,0,2.8,1.7,0.0,0.0,0,15,0,0.0,0.00,3Or6HourObs
2017,01,18,1,0,0,,,,,0,0,0,8,48,9,48,1023.11,30.21,0,0,Variable,-1,1.4,0.8,100,13,56,4,40,100,97,13,55,6,43,1026,30.31,1020,30.12,6,4,0,0,2.4,1.5,0.0,0.0,0,17,0,0.0,0.00,3Or6HourObs
2017,01,19,1,0,0,,,,,0,0,0,10,51,9,48,1025.12,30.27,3,2,NW,309,2.8,1.7,94,17,64,3,38,100,54,14,57,4,39,1028,30.36,1024,30.24,20,13,0,0,6.0,3.7,0.1,0.0,1,14,0,0.0,0.00,3Or6HourObs
2017,01,20,1,0,0,,,,,0,0,0,10,51,8,47,1022.13,30.18,2,1,WNW,293,2.7,1.7,90,19,67,2,35,100,42,14,57,3,37,1025,30.27,1020,30.12,15,9,0,0,4.5,2.8,0.5,0.0,1,14,0,0.0,0.00,3Or6HourObs
2017,01,21,1,0,0,,,,,0,0,0,12,54,11,51,1020.41,30.13,2,1,West,281,2.1,1.3,96,17,63,7,44,100,68,15,59,8,46,1023,30.20,1019,30.09,11,7,0,0,3.5,2.2,0.8,0.5,4,12,0,0.0,0.00,3Or6HourObs
2017,01,22,1,0,0,,,,,0,0,0,14,57,9,49,1022.44,30.19,2,1,WNW,299,2.0,1.3,82,21,70,7,44,100,26,17,63,2,36,1025,30.27,1021,30.14,11,7,0,0,3.5,2.2,0.5,0.0,7,8,0,0.0,0.00,3Or6HourObs
2017,01,23,1,0,0,,,,,0,0,0,12,54,9,49,1020.83,30.15,1,0,West,270,2.1,1.3,86,20,68,4,39,100,26,15,59,4,39,1023,30.21,1019,30.09,7,5,0,0,4.0,2.5,0.5,0.0,4,12,0,0.0,0.00,3Or6HourObs
2017,01,24,1,0,0,,,,,0,0,0,12,55,13,56,1019.72,30.11,4,3,NW,320,1.7,1.0,100,16,61,9,49,100,98,16,61,10,50,1022,30.18,1018,30.06,18,12,0,0,3.0,1.9,0.5,0.0,5,10,0,0.0,0.00,3Or6HourObs
2017,01,25,0,1,0,,,,,0,1,0,14,58,14,57,1018.47,30.08,9,6,NE,42,3.5,2.1,100,17,62,12,53,100,94,15,59,13,55,1020,30.12,1017,30.04,28,17,0,0,4.5,2.8,2.0,1.0,8,8,0,13.0,0.51,Precip6GroupSynop
2017,01,26,0,1,0,,,,,0,1,0,14,58,15,58,1017.45,30.05,9,5,ESE,120,2.6,1.6,100,16,61,13,55,100,100,16,61,13,55,1019,30.10,1016,30.00,26,16,0,0,4.5,2.8,1.0,0.6,8,7,0,20.0,0.79,Precip6GroupSynop
2017,01,27,0,1,0,,,,,0,1,0,14,58,13,56,1018.65,30.08,5,3,NW,315,3.1,1.9,98,19,66,9,49,100,78,17,63,10,50,1021,30.15,1016,30.01,15,9,0,0,6.0,3.7,1.5,0.9,8,8,0,0.0,0.00,3Or6HourObs
2017,01,28,1,0,0,,,,,0,0,0,12,55,12,54,1020.09,30.12,1,1,WNW,292,2.2,1.4,98,19,67,6,43,100,83,18,64,7,45,1022,30.19,1018,30.06,13,8,0,0,4.5,2.8,0.0,0.0,5,10,0,0.0,0.00,3Or6HourObs
2017,01,29,1,0,0,,,,,0,0,0,14,58,13,55,1017.24,30.04,3,2,WNW,287,2.6,1.6,95,19,67,9,48,100,73,16,61,9,48,1019,30.09,1016,30.00,17,10,0,0,5.0,3.1,0.0,0.0,8,8,0,0.0,0.00,3Or6HourObs
2017,01,30,1,0,0,,,,,0,0,0,12,54,12,53,1016.33,30.02,0,0,NE,40,1.1,0.7,100,17,63,6,44,100,98,17,63,8,46,1019,30.09,1014,29.95,9,6,0,0,2.0,1.2,0.5,0.0,4,12,0,0.0,0.00,3Or6HourObs
2017,01,31,1,0,0,,,,,0,0,0,14,57,13,56,1016.22,30.02,3,2,WNW,299,2.0,1.2,96,20,69,7,45,100,73,18,64,9,47,1018,30.07,1014,29.95,17,10,0,0,5.0,3.1,0.5,0.0,7,8,0,0.0,0.00,3Or6HourObs
2017,02,01,1,0,0,,,,,0,0,0,14,57,12,53,1016.91,30.03,2,1,WNW,283,2.9,1.8,89,21,70,6,44,100,48,16,61,7,45,1020,30.11,1015,29.98,13,8,0,0,5.0,3.1,0.8,0.5,7,8,0,0.0,0.00,3Or6HourObs
2017,02,02,1,0,0,,,,,0,0,0,12,55,12,54,1019.89,30.12,0,0,West,280,2.4,1.4,96,20,68,5,42,100,64,18,64,7,44,1022,30.18,1019,30.08,7,5,0,0,3.5,2.2,0.8,0.5,5,10,0,0.0,0.00,3Or6HourObs
2017,02,03,1,0,0,,,,,0,0,0,13,56,13,55,1018.40,30.07,1,1,NW,307,1.9,1.2,97,19,67,7,44,100,64,19,66,9,48,1020,30.12,1016,30.01,11,7,0,0,4.0,2.5,0.0,0.0,6,10,0,0.0,0.00,3Or6HourObs
2017,02,04,1,1,0,,,,,0,1,0,14,58,13,56,1013.00,29.92,8,5,ESE,112,1.7,1.0,91,21,70,8,47,100,65,19,66,9,48,1017,30.04,1008,29.77,33,21,0,0,3.0,1.9,0.1,0.0,8,6,0,3.0,0.12,Precip6GroupSynop
2017,02,05,0,1,0,,,,,0,1,0,16,62,14,57,1014.02,29.95,12,7,SSW,199,2.5,1.6,85,21,70,11,51,100,41,19,66,8,46,1017,30.03,1011,29.86,22,14,0,0,4.5,2.8,1.2,0.7,12,4,0,0.0,0.00,3Or6HourObs
2017,02,06,1,0,0,,,,,0,0,0,14,58,12,53,1017.04,30.04,2,1,WNW,296,2.1,1.3,93,20,68,8,47,100,50,19,66,9,48,1019,30.10,1015,29.98,11,7,0,0,3.5,2.2,0.1,0.0,8,8,0,0.0,0.00,3Or6HourObs
2017,02,07,1,0,0,,,,,0,0,0,13,56,10,50,1016.92,30.03,2,2,WNW,299,2.9,1.7,87,21,70,5,41,100,34,14,57,5,41,1019,30.10,1014,29.96,15,9,0,0,5.0,3.1,0.5,0.0,6,10,0,0.0,0.00,3Or6HourObs
2017,02,08,0,0,0,,,,,0,0,0,15,60,11,52,1014.89,29.98,1,1,SW,221,2.6,1.6,82,21,70,9,49,100,42,14,57,9,47,1017,30.04,1004,29.66,9,6,0,0,4.0,2.5,1.5,0.9,10,6,0,0.0,0.00,3Or6HourObs
2017,02,09,1,0,0,,,,,0,0,0,13,56,10,50,1015.92,30.00,1,1,NW,305,2.9,1.7,91,20,69,6,43,100,47,15,59,7,45,1019,30.08,1007,29.74,17,10,0,0,4.5,2.8,0.2,0.0,6,9,0,0.0,0.00,3Or6HourObs
2017,02,10,1,0,0,,,,,0,0,0,13,56,10,49,1016.04,30.01,3,2,WNW,291,3.0,1.8,82,21,70,5,42,100,35,12,54,6,43,1018,30.06,1014,29.94,20,13,0,0,5.0,3.1,0.5,0.0,6,9,0,0.0,0.00,3Or6HourObs
2017,02,11,0,0,0,,,,,0,0,0,14,56,7,45,1016.63,30.03,2,1,WNW,300,3.3,2.0,72,23,73,4,40,100,28,11,52,4,39,1019,30.09,1015,29.98,15,9,0,0,5.0,3.1,1.5,0.9,6,8,0,0.0,0.00,3Or6HourObs
2017,02,12,0,0,0,,,,,0,0,0,14,56,7,45,1020.51,30.14,1,1,WNW,294,3.5,2.1,72,23,73,4,39,100,26,13,55,3,37,1023,30.21,1018,30.06,9,6,0,0,5.0,3.1,2.0,1.0,6,9,0,0.0,0.00,3Or6HourObs
2017,02,13,0,0,0,,,,,0,0,0,14,58,10,50,1022.39,30.19,3,2,West,280,3.1,1.9,80,23,75,5,42,100,31,13,56,6,43,1024,30.25,1020,30.14,17,10,0,0,5.0,3.1,1.0,0.6,8,6,0,0.0,0.00,3Or6HourObs
2017,02,14,0,0,0,,,,,0,0,0,14,56,12,54,1021.57,30.17,2,1,WNW,298,2.6,1.6,90,21,71,6,42,100,56,17,63,7,45,1024,30.24,1020,30.12,17,10,0,0,3.5,2.2,2.0,1.0,6,8,0,0.0,0.00,3Or6HourObs
2017,02,15,0,0,0,,,,,0,0,0,17,63,13,55,1020.87,30.15,2,1,WNW,285,2.5,1.5,82,24,75,10,51,100,31,16,61,9,48,1023,30.21,1020,30.12,13,8,0,0,5.0,3.1,2.0,1.0,13,2,0,0.0,0.00,3Or6HourObs
2017,02,16,0,0,0,,,,,0,0,0,18,66,15,58,1019.51,30.11,3,2,West,280,3.0,1.8,87,25,77,12,54,100,43,19,66,9,48,1022,30.18,1017,30.03,15,9,0,0,5.0,3.1,2.0,1.0,16,0,0,0.0,0.00,3Or6HourObs
2017,02,17,0,0,0,,,,,0,0,0,19,66,16,60,1018.27,30.07,5,3,WNW,293,3.8,2.3,84,26,79,12,54,100,46,19,66,12,54,1020,30.13,1016,29.99,18,12,0,0,5.0,3.1,2.0,1.0,16,0,2,0.0,0.00,3Or6HourObs
2017,02,18,0,0,0,,,,,0,0,0,20,68,16,61,1017.83,30.06,4,2,WNW,299,3.3,2.0,82,27,82,12,55,100,36,19,66,13,55,1020,30.12,1016,30.01,18,12,0,0,5.0,3.1,2.0,1.0,18,0,4,0.0,0.00,3Or6HourObs
2017,02,19,0,0,0,,,,,0,0,0,22,71,17,63,1013.98,29.95,4,3,SE,133,4.0,2.4,80,29,84,14,58,100,42,20,68,14,57,1020,30.12,1010,29.83,17,10,0,0,6.0,3.7,2.0,1.0,21,0,6,0.0,0.00,3Or6HourObs
2017,02,20,0,0,0,,,,,0,0,0,20,67,17,62,1006.29,29.72,5,3,North,3,3.8,2.3,88,25,77,14,57,100,63,19,66,14,57,1010,29.83,1004,29.64,17,10,0,0,5.0,3.1,2.0,1.0,17,0,2,0.0,0.00,3Or6HourObs
2017,02,21,0,0,0,,,,,0,0,0,16,62,10,51,1007.31,29.75,5,3,West,280,4.1,2.5,74,24,75,9,48,100,17,16,61,2,36,1011,29.86,1004,29.65,18,12,0,0,6.0,3.7,2.0,1.0,12,4,0,0.0,0.00,3Or6HourObs
2017,02,22,0,0,0,,,,,0,0,0,16,60,11,52,1013.48,29.93,2,1,NW,317,3.9,2.4,80,24,75,8,46,100,35,15,59,9,48,1016,30.01,1011,29.86,15,9,0,0,6.0,3.7,2.0,1.0,10,4,0,0.0,0.00,3Or6HourObs
2017,02,23,0,0,0,,,,,0,0,0,16,60,8,46,1015.81,30.00,3,2,WNW,295,4.1,2.5,68,24,75,7,46,100,26,12,54,4,39,1019,30.09,1014,29.95,20,13,0,0,6.0,3.7,2.0,1.0,10,4,0,0.0,0.00,3Or6HourObs
2017,02,24,0,0,0,,,,,0,0,0,16,60,7,45,1017.57,30.05,6,4,WNW,297,4.2,2.5,61,24,76,7,45,87,21,9,48,5,41,1019,30.09,1015,29.98,22,14,0,0,6.0,3.7,2.0,1.0,10,4,0,0.0,0.00,3Or6HourObs
2017,02,25,0,0,0,,,,,0,0,0,16,61,9,47,1015.59,30.00,3,2,WNW,301,4.4,2.7,66,25,77,7,45,100,25,11,52,5,41,1018,30.06,1013,29.91,18,12,0,0,6.0,3.7,2.0,1.0,11,4,0,0.0,0.00,3Or6HourObs
2017,02,26,0,0,0,,,,,0,0,0,16,62,10,50,1013.21,29.93,3,2,West,279,3.5,2.1,69,25,78,7,46,100,30,13,55,7,45,1015,29.98,1011,29.86,18,12,0,0,6.0,3.7,2.0,1.0,12,3,0,0.0,0.00,3Or6HourObs
2017,02,27,0,0,0,,,,,0,0,0,17,64,10,50,1014.60,29.97,2,1,WNW,285,4.0,2.4,68,26,80,8,47,100,22,13,55,6,43,1017,30.04,1013,29.92,13,8,0,0,6.0,3.7,2.0,1.0,14,2,0,0.0,0.00,3Or6HourObs
2017,02,28,0,0,0,,,,,0,0,0,18,64,13,55,1015.55,29.99,5,3,North,9,3.8,2.3,75,24,75,11,53,100,42,16,61,9,48,1019,30.09,1013,29.92,26,16,0,0,6.0,3.7,2.0,1.0,14,1,0,0.0,0.00,3Or6HourObs
2017,03,01,0,0,0,,,,,0,0,0,18,64,13,56,1014.17,29.95,4,3,NW,306,4.2,2.6,79,26,79,10,50,100,35,16,61,11,52,1016,30.01,1012,29.89,15,9,0,0,6.0,3.7,2.0,1.0,14,0,0,0.0,0.00,3Or6HourObs
2017,03,02,0,0,0,,,,,0,0,0,18,64,13,55,1013.89,29.95,3,2,WNW,302,4.0,2.4,77,26,78,10,50,100,29,16,61,10,50,1017,30.04,1011,29.86,13,8,0,0,6.0,3.7,2.0,1.0,14,1,0,0.0,0.00,3Or6HourObs
2017,03,03,0,0,0,,,,,0,0,0,17,62,11,51,1012.27,29.90,3,2,WNW,298,4.4,2.7,70,25,77,9,48,100,28,14,57,6,43,1014,29.95,1011,29.85,18,12,0,0,5.0,3.1,2.0,1.0,12,2,0,0.0,0.00,3Or6HourObs
2017,03,04,0,0,0,,,,,0,0,0,17,63,9,48,1011.12,29.86,5,3,WNW,297,4.7,2.9,60,25,78,9,48,100,18,13,55,4,39,1013,29.92,1009,29.81,20,13,0,0,8.0,5.0,2.0,1.0,13,2,0,0.0,0.00,3Or6HourObs
2017,03,05,0,0,0,,,,,0,0,0,16,60,7,44,1011.96,29.89,5,3,WNW,292,4.4,2.7,53,25,77,6,43,100,23,10,50,4,39,1014,29.95,1010,29.83,18,12,0,0,6.0,3.7,2.0,1.0,10,5,0,0.0,0.00,3Or6HourObs
2017,03,06,0,0,0,,,,,0,0,0,17,62,8,47,1011.17,29.87,2,1,WNW,297,4.1,2.5,59,26,79,8,46,100,17,12,54,1,34,1013,29.92,1009,29.81,13,8,0,0,5.0,3.1,2.0,1.0,12,2,0,0.0,0.00,3Or6HourObs
2017,03,07,0,1,0,,,,,0,0,0,17,62,14,57,1010.96,29.86,6,4,NNW,332,3.6,2.2,83,21,69,13,55,100,60,17,63,10,50,1013,29.92,1010,29.81,28,17,0,0,5.0,3.1,2.0,1.0,12,3,0,0.4,0.02,Precip6GroupSynop
2017,03,08,0,0,0,,,,,0,0,0,16,61,13,55,1009.81,29.82,6,4,SSE,155,3.4,2.1,85,22,73,9,49,100,44,15,59,10,50,1011,29.87,1008,29.76,17,10,0,0,5.0,3.1,2.0,1.0,11,4,0,5.0,0.20,Precip6GroupSynop
2017,03,09,0,1,0,,,,,0,1,0,20,69,13,55,1009.60,29.82,8,5,NE,52,3.8,2.3,91,31,88,10,50,100,23,16,61,9,48,1011,29.86,1008,29.77,28,17,0,0,6.0,3.7,2.0,1.0,19,0,4,0.0,0.00,Precip6GroupSynop
2017,03,10,0,1,0,,,,,0,1,0,15,59,12,54,1008.13,29.77,3,2,North,8,3.3,2.0,93,21,70,9,48,100,53,18,64,10,50,1010,29.83,1005,29.68,20,13,0,0,4.0,2.5,2.0,1.0,9,6,0,2.0,0.08,Precip6GroupSynop
2017,03,11,0,0,0,,,,,0,0,0,12,54,10,50,1011.25,29.87,1,1,NE,40,3.7,2.2,87,19,67,6,42,100,42,14,57,7,45,1014,29.95,1001,29.57,17,10,0,0,6.0,3.7,2.0,1.0,4,10,0,0.0,0.00,3Or6HourObs
2017,03,12,0,0,0,,,,,0,0,0,14,56,7,45,1015.75,30.00,5,3,NW,312,4.5,2.7,68,21,70,6,43,100,23,12,54,2,36,1018,30.06,1013,29.92,18,12,0,0,6.0,3.7,2.0,1.0,6,8,0,0.0,0.00,3Or6HourObs
2017,03,13,0,0,0,,,,,0,0,0,14,58,8,46,1015.34,29.99,3,2,WNW,288,4.2,2.5,70,22,72,6,44,100,20,11,53,1,34,1017,30.04,1014,29.95,17,10,0,0,6.0,3.7,2.0,1.0,8,7,0,0.0,0.00,3Or6HourObs
2017,03,14,0,0,0,,,,,0,0,0,15,60,10,51,1017.29,30.04,2,1,West,281,4.5,2.7,74,23,74,7,45,100,24,14,57,7,44,1019,30.09,1016,30.00,15,9,0,0,6.0,3.7,2.0,1.0,10,6,0,0.0,0.00,3Or6HourObs
2017,03,15,0,0,0,,,,,0,0,0,14,58,11,52,1016.57,30.02,4,3,NNW,344,3.6,2.2,80,21,70,8,46,100,41,14,57,8,46,1019,30.09,1015,29.97,22,14,0,0,5.0,3.1,2.0,1.0,8,7,0,0.0,0.00,3Or6HourObs
2017,03,16,0,0,0,,,,,0,0,0,17,63,13,56,1013.29,29.93,6,4,NW,317,3.7,2.3,84,24,75,10,51,100,41,17,63,9,48,1015,29.98,1011,29.86,15,9,0,0,5.0,3.1,2.0,1.0,13,2,0,0.0,0.00,3Or6HourObs
2017,03,17,0,0,0,,,,,0,0,0,17,63,13,55,1011.81,29.88,2,1,WNW,290,4.8,2.9,78,25,78,9,48,100,34,15,59,9,48,1014,29.95,1009,29.81,13,8,0,0,8.0,5.0,2.0,1.0,13,2,0,0.0,0.00,3Or6HourObs
2017,03,18,0,0,0,,,,,0,0,0,19,66,14,57,1011.00,29.86,2,1,NW,304,4.1,2.4,77,27,81,11,51,100,34,18,64,11,52,1013,29.92,1009,29.79,15,9,0,0,6.0,3.7,2.0,1.0,16,0,1,0.0,0.00,3Or6HourObs
2017,03,19,0,0,0,,,,,0,0,0,19,66,15,59,1012.41,29.90,2,1,WNW,288,4.2,2.5,80,28,82,10,50,100,36,19,66,12,54,1015,29.98,1010,29.83,15,9,0,0,6.0,3.7,2.0,1.0,16,0,1,0.0,0.00,3Or6HourObs
2017,03,20,0,0,0,,,,,0,0,0,22,71,15,59,1013.42,29.93,3,2,NW,307,3.9,2.4,75,29,85,14,57,100,25,19,66,11,52,1015,29.98,1011,29.85,20,13,0,0,6.0,3.7,2.0,1.0,21,0,6,0.0,0.00,3Or6HourObs
2017,03,21,0,0,0,,,,,0,0,0,22,72,17,62,1013.25,29.93,3,2,NW,313,3.9,2.4,71,30,86,14,57,100,23,19,66,12,53,1015,29.98,1012,29.88,13,8,0,0,5.0,3.1,2.0,1.0,22,0,6,0.0,0.00,3Or6HourObs
2017,03,22,0,0,0,,,,,0,0,0,23,74,18,64,1012.08,29.89,4,2,NW,304,4.1,2.5,74,31,88,15,59,100,35,21,70,13,55,1014,29.95,1009,29.80,17,10,0,0,5.0,3.1,2.0,1.0,24,0,8,0.0,0.00,3Or6HourObs
2017,03,23,0,0,0,,,,,0,0,0,22,74,18,64,1011.44,29.87,8,5,NW,314,4.6,2.8,75,30,87,15,60,100,36,20,68,16,61,1013,29.92,1009,29.80,20,13,0,0,6.0,3.7,2.0,1.0,24,0,8,0.0,0.00,3Or6HourObs
2017,03,24,0,0,0,,,,,0,0,0,23,74,16,61,1012.02,29.89,4,2,WNW,299,4.6,2.8,73,31,88,15,59,100,23,19,66,12,54,1014,29.95,1009,29.80,15,9,0,0,6.0,3.7,4.0,2.0,24,0,8,0.0,0.00,3Or6HourObs
2017,03,25,0,0,0,,,,,0,0,0,23,74,16,61,1011.43,29.87,3,2,WNW,298,4.3,2.6,73,32,90,14,57,100,20,20,68,11,51,1013,29.92,1009,29.80,17,10,0,0,6.0,3.7,2.0,1.0,24,0,8,0.0,0.00,3Or6HourObs
2017,03,26,0,0,0,,,,,0,0,0,23,74,16,60,1012.56,29.91,5,3,WNW,295,4.5,2.7,63,32,91,14,58,100,27,19,66,11,52,1015,29.98,1010,29.81,18,12,0,0,6.0,3.7,2.0,1.0,24,0,10,0.0,0.00,3Or6HourObs
2017,03,27,0,0,0,,,,,0,0,0,24,76,17,62,1011.16,29.86,3,2,WNW,288,4.3,2.6,59,34,93,15,60,100,27,20,68,14,57,1013,29.92,1009,29.79,13,8,0,0,6.0,3.7,2.0,1.0,26,0,12,0.0,0.00,3Or6HourObs
2017,03,28,0,0,0,,,,,0,0,0,24,76,19,67,1010.69,29.85,3,2,NW,318,4.3,2.6,70,34,93,15,60,100,29,23,73,16,61,1013,29.92,1008,29.76,15,9,0,0,5.0,3.1,2.0,1.0,26,0,12,0.0,0.00,3Or6HourObs
2017,03,29,0,0,0,,,,,0,0,0,26,80,18,65,1009.45,29.81,6,4,WNW,296,4.6,2.8,59,35,95,18,65,83,25,21,70,16,61,1011,29.86,1007,29.73,20,13,0,0,6.0,3.7,2.0,1.0,30,0,15,0.0,0.00,3Or6HourObs
2017,03,30,0,0,0,,,,,0,0,0,26,79,19,65,1009.02,29.80,4,2,WNW,301,4.8,2.9,66,34,94,17,64,100,27,21,70,17,63,1011,29.86,1006,29.72,17,10,0,0,6.0,3.7,4.0,2.0,29,0,14,0.0,0.00,3Or6HourObs
2017,03,31,0,0,0,,,,,0,0,0,26,80,20,68,1009.35,29.81,2,1,West,275,4.6,2.8,69,34,94,19,67,100,29,22,72,17,63,1011,29.86,1007,29.73,11,7,0,0,8.0,5.0,2.0,1.0,30,0,16,0.0,0.00,3Or6HourObs
2017,04,01,0,0,0,,,,,0,0,0,26,80,18,65,1008.02,29.77,5,3,NW,322,4.9,3.0,62,35,95,18,65,100,22,22,72,13,55,1010,29.83,1005,29.68,18,12,0,0,6.0,3.7,4.0,2.0,30,0,15,0.0,0.00,3Or6HourObs
2017,04,02,0,0,0,,,,,0,0,0,26,78,15,59,1006.04,29.71,4,3,WNW,299,5.2,3.1,52,35,95,16,60,100,16,17,63,11,52,1008,29.77,1003,29.62,20,13,0,0,6.0,3.7,1.5,0.9,28,0,12,0.0,0.00,3Or6HourObs
2017,04,03,0,0,0,,,,,0,0,0,26,79,16,61,1006.59,29.73,4,3,WNW,293,4.4,2.7,54,34,94,18,64,74,19,20,68,13,55,1009,29.80,1004,29.65,17,10,0,0,6.0,3.7,2.0,1.0,29,0,14,0.0,0.00,3Or6HourObs
2017,04,04,0,1,0,,,,,0,1,0,26,78,17,63,1006.90,29.74,9,6,ESE,107,4.6,2.8,61,33,93,18,64,100,28,21,70,13,55,1010,29.83,1005,29.67,30,18,0,0,6.0,3.7,2.0,1.0,28,0,14,0.0,0.00,Precip6GroupSynop
2017,04,05,0,1,0,,,,,0,1,0,24,76,16,60,1003.55,29.64,15,9,ESE,114,4.3,2.6,56,30,86,18,65,100,35,21,70,14,57,1006,29.71,1000,29.53,35,22,4,2,6.0,3.7,4.0,2.0,26,0,10,2.0,0.08,Precip6GroupSynop
2017,04,06,0,1,0,,,,,0,1,0,24,75,18,64,1002.21,29.60,14,9,West,264,3.8,2.3,74,30,86,18,64,100,42,20,68,15,59,1008,29.77,999,29.50,35,22,0,0,5.0,3.1,2.0,1.0,25,0,10,0.0,0.00,3Or6HourObs
2017,04,07,0,0,0,,,,,0,0,0,22,72,14,57,1008.52,29.79,6,4,NNW,343,4.5,2.7,60,29,85,15,60,100,27,21,70,10,50,1011,29.86,1006,29.72,24,15,0,0,6.0,3.7,2.0,1.0,22,0,8,0.0,0.00,3Or6HourObs
2017,04,08,0,0,0,,,,,0,0,0,22,72,9,49,1012.75,29.91,8,5,NW,319,4.6,2.8,55,30,87,13,56,100,8,17,63,0,32,1015,29.98,1010,29.83,24,15,0,0,6.0,3.7,2.0,1.0,22,0,6,0.0,0.00,3Or6HourObs
2017,04,09,0,0,0,,,,,0,0,0,20,68,5,41,1013.47,29.93,8,5,NW,307,5.2,3.1,39,30,87,10,50,71,9,8,47,-1,30,1016,30.01,1011,29.86,35,22,0,0,6.0,3.7,4.0,2.0,18,0,4,0.0,0.00,3Or6HourObs
2017,04,10,0,0,0,,,,,0,0,0,22,72,5,42,1010.85,29.85,5,3,WNW,301,5.0,3.0,38,32,90,12,54,63,6,9,48,-1,30,1013,29.92,1008,29.76,30,18,0,0,6.0,3.7,2.0,1.0,22,0,7,0.0,0.00,3Or6HourObs
2017,04,11,0,0,0,,,,,0,0,0,24,75,7,45,1008.87,29.80,7,5,NW,318,4.8,2.9,34,35,95,13,55,59,8,10,50,2,36,1011,29.86,1005,29.69,33,21,0,0,6.0,3.7,2.0,1.0,25,0,10,0.0,0.00,3Or6HourObs
2017,04,12,0,0,0,,,,,0,0,0,26,80,9,48,1007.56,29.76,5,3,NW,311,5.3,3.2,38,37,98,16,61,56,7,12,54,4,39,1009,29.80,1004,29.64,30,18,0,0,8.0,5.0,4.0,2.0,30,0,14,0.0,0.00,3Or6HourObs
2017,04,13,0,0,0,,,,,0,0,0,26,78,10,50,1007.84,29.77,2,1,NW,308,4.8,2.9,38,38,100,13,56,82,6,14,58,1,34,1010,29.83,1005,29.68,18,12,0,0,8.0,5.0,2.0,1.0,28,0,13,0.0,0.00,3Or6HourObs
2017,04,14,0,0,0,,,,,0,0,0,28,84,11,51,1006.53,29.73,3,2,NW,305,5.0,3.0,33,40,104,17,63,73,7,15,59,4,39,1009,29.80,1003,29.62,22,14,0,0,7.0,4.3,2.0,1.0,34,0,18,0.0,0.00,3Or6HourObs
2017,04,15,0,0,0,,,,,0,0,0,29,85,10,50,1004.40,29.66,5,3,NW,307,5.0,3.1,33,41,106,17,64,68,7,15,59,3,37,1007,29.74,1000,29.54,26,16,0,0,6.0,3.7,2.0,1.0,35,0,20,0.0,0.00,3Or6HourObs
2017,04,16,0,0,0,,,,,0,0,0,30,87,11,52,1003.78,29.64,2,1,WNW,289,4.8,2.9,34,42,107,19,67,64,7,15,59,5,41,1006,29.71,1001,29.55,17,10,0,0,6.0,3.7,4.0,2.0,37,0,22,0.0,0.00,3Or6HourObs
2017,04,17,0,0,0,,,,,0,0,0,31,88,13,55,1005.43,29.69,4,2,SSE,149,4.8,2.9,37,42,108,20,69,60,9,16,61,8,46,1009,29.80,1002,29.59,15,9,0,0,6.0,3.7,4.0,2.0,38,0,24,0.0,0.00,3Or6HourObs
2017,04,18,0,0,0,,,,,0,0,0,32,90,12,54,1003.74,29.64,2,1,NNE,14,4.5,2.7,33,43,110,21,69,65,7,18,64,4,39,1006,29.71,999,29.51,11,7,0,0,6.0,3.7,2.0,1.0,40,0,24,0.0,0.00,3Or6HourObs
2017,04,19,0,0,0,,,,,0,0,0,32,90,10,50,1001.74,29.58,3,2,SSW,209,4.3,2.6,28,42,108,22,73,57,4,15,59,2,36,1004,29.65,998,29.46,20,13,0,0,6.0,3.7,2.0,1.0,40,0,26,0.0,0.00,3Or6HourObs
2017,04,20,0,0,0,,,,,0,0,0,33,91,11,52,999.42,29.51,4,3,East,94,4.8,2.9,26,43,109,23,73,54,6,15,59,5,41,1001,29.56,995,29.39,13,8,0,0,6.0,3.7,2.0,1.0,41,0,26,0.0,0.00,3Or6HourObs
2017,04,21,0,0,0,,,,,0,1,0,33,92,14,58,1001.09,29.56,11,7,ENE,57,4.3,2.6,30,41,106,25,77,51,13,21,70,11,52,1004,29.65,997,29.46,52,32,0,0,6.0,3.7,0.2,0.0,42,0,26,4.0,0.16,Precip6GroupSynop
2017,04,22,0,1,0,,,,,0,1,0,26,78,17,63,1005.64,29.70,20,12,NE,36,2.9,1.7,61,30,86,21,69,100,37,21,70,13,55,1011,29.86,1002,29.58,50,31,0,0,6.0,3.7,1.5,0.9,28,0,12,0.0,0.00,3Or6HourObs
2017,04,23,0,1,0,,,,,0,1,0,26,80,17,63,1006.22,29.72,10,6,NW,309,3.4,2.1,66,34,93,19,67,100,21,22,72,12,54,1009,29.80,1003,29.63,43,26,0,0,6.0,3.7,2.0,1.0,30,0,15,4.0,0.16,Precip6GroupSynop
2017,04,24,0,0,0,,,,,0,1,0,26,78,15,59,1007.00,29.74,5,3,NW,313,5.0,3.0,53,34,93,17,64,100,17,20,68,11,52,1009,29.80,1005,29.69,17,10,0,0,7.0,4.3,2.0,1.0,28,0,14,0.0,0.00,3Or6HourObs
2017,04,25,0,0,0,,,,,0,0,0,26,79,12,54,1006.49,29.73,7,4,West,278,4.5,2.7,45,34,94,17,64,88,12,17,63,6,43,1016,30.01,1003,29.61,20,13,0,0,6.0,3.7,2.0,1.0,29,0,14,0.0,0.00,3Or6HourObs
2017,04,26,0,0,0,,,,,0,0,0,27,80,10,50,1006.06,29.71,4,2,WNW,295,4.3,2.6,35,36,97,18,64,73,11,14,57,6,43,1008,29.77,1003,29.62,26,16,0,0,6.0,3.7,2.0,1.0,30,0,16,2.0,0.08,Precip6GroupSynop
2017,04,27,0,1,0,,,,,0,1,0,28,84,9,49,1007.80,29.76,11,7,ENE,64,5.0,3.0,31,36,98,20,69,57,9,13,55,5,41,1010,29.83,1005,29.67,33,21,0,0,7.0,4.3,2.0,1.0,34,0,18,0.0,0.00,3Or6HourObs
2017,04,28,0,0,0,,,,,0,0,0,28,84,9,48,1006.43,29.72,3,2,North,350,4.8,2.9,28,38,100,19,67,53,8,11,52,6,43,1009,29.80,1002,29.59,17,10,0,0,6.0,3.7,2.0,1.0,34,0,18,0.0,0.00,3Or6HourObs
2017,04,29,0,1,0,,,,,0,1,0,29,84,10,50,1006.65,29.73,14,9,NW,320,3.7,2.2,31,36,97,22,71,50,12,13,55,8,46,1010,29.83,1003,29.63,48,30,0,0,5.0,3.1,2.0,1.0,34,0,19,0.0,0.00,Precip6GroupSynop
2017,04,30,0,1,0,,,,,0,1,0,28,83,11,53,1008.38,29.78,12,8,East,88,4.0,2.4,37,36,97,21,69,69,11,16,61,6,43,1010,29.83,1005,29.67,39,24,4,2,6.0,3.7,1.5,0.9,33,0,18,0.0,0.00,Precip6GroupSynop
2017,05,01,0,0,0,,,,,0,0,0,28,82,6,43,1009.15,29.80,4,3,North,354,4.5,2.7,25,37,98,18,65,52,5,10,50,0,32,1011,29.86,1006,29.72,17,10,0,0,7.0,4.3,2.0,1.0,32,0,16,0.0,0.00,3Or6HourObs
2017,05,02,0,0,0,,,,,0,0,0,30,86,6,43,1009.21,29.81,4,2,NNE,33,4.3,2.6,22,38,101,22,71,44,5,11,52,2,36,1011,29.86,1006,29.70,17,10,0,0,5.0,3.1,2.0,1.0,36,0,21,0.0,0.00,3Or6HourObs
2017,05,03,0,0,0,,,,,0,0,0,18,65,8,47,1008.14,29.77,12,7,NNE,19,2.9,1.8,26,34,94,2,36,44,11,11,52,6,43,1018,30.07,1005,29.69,37,23,0,0,4.5,2.8,2.0,1.0,15,0,0,0.0,0.00,3Or6HourObs
2017,05,04,0,0,0,,,,,0,0,0,29,84,10,49,1009.22,29.81,9,5,NNW,333,4.1,2.5,30,37,98,21,70,53,10,12,54,6,43,1011,29.86,1006,29.72,15,9,0,0,6.0,3.7,2.0,1.0,34,0,19,0.0,0.00,3Or6HourObs
2017,05,05,0,0,0,,,,,0,0,0,29,85,10,49,1007.40,29.75,6,4,WNW,301,4.6,2.8,29,38,102,20,68,56,8,12,54,6,43,1010,29.83,1004,29.64,22,14,0,0,6.0,3.7,2.0,1.0,35,0,20,0.0,0.00,3Or6HourObs
2017,05,06,0,0,0,,,,,0,0,0,32,89,11,51,1006.95,29.74,4,3,West,276,3.6,2.2,28,41,106,22,72,57,8,14,57,6,43,1009,29.80,1004,29.64,24,15,0,0,5.0,3.1,2.0,1.0,39,0,24,0.0,0.00,3Or6HourObs
2017,05,07,0,0,0,,,,,0,0,0,33,92,11,52,1006.15,29.71,6,4,NW,320,3.9,2.4,27,41,107,25,77,50,6,14,58,6,43,1008,29.77,1002,29.60,20,13,0,0,6.0,3.7,2.0,1.0,42,0,27,0.0,0.00,3Or6HourObs
2017,05,08,0,0,0,,,,,0,0,0,32,91,12,53,1004.71,29.67,3,2,NW,318,3.5,2.1,27,42,108,23,74,57,7,15,59,7,45,1008,29.77,1000,29.52,18,12,0,0,6.0,3.7,1.5,0.9,41,0,26,0.0,0.00,3Or6HourObs
2017,05,09,0,0,0,,,,,0,0,0,32,90,14,57,1002.96,29.62,7,4,East,100,2.3,1.4,32,41,106,23,75,48,12,17,63,10,50,1004,29.65,1000,29.53,30,18,0,0,3.5,2.2,1.5,0.9,40,0,26,0.0,0.00,3Or6HourObs
2017,05,10,0,0,0,,,,,0,0,0,32,89,16,61,1004.92,29.68,7,4,ESE,114,3.3,2.0,37,39,103,24,75,57,20,18,65,13,55,1007,29.74,1001,29.55,20,13,0,0,5.0,3.1,2.0,1.0,39,0,24,0.0,0.00,3Or6HourObs
2017,05,11,0,0,0,,,,,0,0,0,30,87,15,59,1007.74,29.76,17,10,NNW,331,3.8,2.3,37,37,99,24,75,100,17,26,79,13,55,1010,29.83,1004,29.67,50,31,0,0,5.0,3.1,0.5,0.3,37,0,22,0.0,0.00,3Or6HourObs
2017,05,12,0,0,0,,,,,0,0,0,31,88,15,60,1007.37,29.75,6,4,NW,305,4.1,2.5,37,39,103,23,74,73,12,19,66,12,53,1010,29.83,1003,29.62,18,12,0,0,6.0,3.7,2.0,1.0,38,0,24,0.0,0.00,3Or6HourObs
2017,05,13,0,0,0,,,,,0,0,0,32,90,14,58,1005.19,29.69,5,3,West,272,3.1,1.9,34,40,105,24,76,65,13,18,64,11,52,1008,29.77,1001,29.57,24,15,0,0,4.0,2.5,2.0,1.0,40,0,26,0.0,0.00,3Or6HourObs
2017,05,14,0,0,0,,,,,0,0,0,33,92,14,58,1002.70,29.61,4,2,NNE,16,3.5,2.2,32,41,107,25,77,57,9,17,63,11,51,1005,29.68,999,29.50,15,9,0,0,5.0,3.1,2.0,1.0,42,0,27,0.0,0.00,3Or6HourObs
2017,05,15,0,0,0,,,,,0,0,0,34,92,13,55,1000.80,29.55,4,2,West,281,3.6,2.2,28,41,105,26,79,45,11,15,59,9,48,1003,29.62,996,29.42,22,14,0,0,5.0,3.1,2.0,1.0,42,0,27,0.0,0.00,3Or6HourObs
2017,05,16,0,1,0,,,,,0,1,0,29,84,16,61,1002.32,29.60,12,8,NE,49,4.1,2.5,45,33,91,25,77,61,25,19,67,11,52,1004,29.65,1000,29.53,39,24,0,0,5.0,3.1,2.0,1.0,34,0,19,0.0,0.00,Precip6GroupSynop
2017,05,17,0,0,0,,,,,0,0,0,28,84,15,58,1003.17,29.63,10,6,WNW,285,4.6,2.8,42,35,95,22,72,65,16,17,63,12,53,1005,29.68,1000,29.55,24,15,0,0,6.0,3.7,2.0,1.0,34,0,18,0.0,0.00,Precip6GroupSynop
2017,05,18,0,0,0,,,,,0,0,0,30,86,15,58,1003.33,29.63,2,1,WSW,243,4.6,2.8,36,38,100,23,73,65,15,17,63,13,55,1005,29.68,1000,29.54,13,8,0,0,6.0,3.7,2.0,1.0,36,0,22,0.0,0.00,3Or6HourObs
2017,05,19,0,0,0,,,,,0,0,0,32,90,16,61,1003.20,29.63,3,2,East,83,4.4,2.7,37,40,104,24,75,65,15,18,64,14,57,1010,29.82,998,29.47,35,22,0,0,5.0,3.1,0.5,0.0,40,0,24,0.0,0.00,Precip6GroupSynop
2017,05,20,0,0,0,,,,,0,1,0,32,89,16,60,1002.19,29.60,13,8,ESE,115,2.9,1.8,36,38,101,25,77,54,17,19,66,11,52,1005,29.68,998,29.47,43,26,0,0,4.0,2.5,2.0,1.0,39,0,24,0.0,0.00,Precip6GroupSynop
2017,05,21,0,1,0,,,,,0,1,0,23,73,20,68,1003.23,29.63,7,5,NNW,336,2.8,1.7,77,25,77,21,69,100,42,24,75,16,61,1008,29.77,998,29.46,48,30,0,0,4.5,2.8,2.0,1.0,23,0,8,18.0,0.71,Precip6GroupSynop
2017,05,22,0,0,0,,,,,0,0,0,27,80,20,68,1005.47,29.70,1,1,WNW,285,3.2,1.9,66,34,93,20,68,100,26,23,73,15,59,1008,29.77,1002,29.61,11,7,0,0,4.0,2.5,2.0,1.0,30,0,16,0.0,0.00,3Or6HourObs
2017,05,23,0,0,0,,,,,0,0,0,30,86,19,67,1005.11,29.68,2,1,NNW,337,4.6,2.8,58,37,99,23,73,100,15,24,76,13,55,1008,29.77,1001,29.56,9,6,0,0,6.0,3.7,2.0,1.0,36,0,21,0.0,0.00,3Or6HourObs
2017,05,24,0,0,0,,,,,0,0,0,32,90,18,65,1003.35,29.63,2,1,NE,53,4.6,2.8,45,40,105,24,76,83,16,22,72,14,57,1006,29.71,999,29.50,9,6,0,0,6.0,3.7,2.0,1.0,40,0,26,0.0,0.00,3Or6HourObs
2017,05,25,0,0,0,,,,,0,0,0,34,93,18,65,1001.09,29.56,2,2,West,269,3.8,2.3,41,41,106,26,80,66,14,21,70,15,58,1004,29.65,997,29.44,18,12,0,0,5.0,3.1,2.0,1.0,43,0,28,0.0,0.00,3Or6HourObs
2017,05,26,0,0,0,,,,,0,0,0,35,96,15,60,999.58,29.52,7,4,SSE,152,3.8,2.3,32,43,110,27,81,58,11,21,70,12,54,1002,29.59,994,29.36,24,15,0,0,5.0,3.1,2.0,1.0,46,0,30,0.0,0.00,3Or6HourObs
2017,05,27,0,0,0,,,,,0,1,0,32,90,17,63,998.60,29.49,5,3,ESE,118,3.9,2.3,38,41,106,24,75,78,19,20,68,13,55,1001,29.56,996,29.40,22,14,0,0,4.5,2.8,2.0,1.0,40,0,26,0.0,0.00,3Or6HourObs
2017,05,28,0,0,0,,,,,0,1,0,34,92,19,67,999.40,29.51,16,10,ESE,122,4.5,2.7,43,39,102,28,82,62,24,22,72,13,55,1002,29.59,995,29.38,44,28,0,0,6.0,3.7,2.0,1.0,42,0,27,0.0,0.00,3Or6HourObs
2017,05,29,0,0,0,,,,,0,1,0,31,88,17,63,999.36,29.51,10,6,ESE,118,3.9,2.4,42,38,100,24,76,61,22,20,68,13,55,1002,29.59,997,29.44,35,22,0,0,6.0,3.7,2.0,1.0,38,0,23,0.0,0.00,3Or6HourObs
2017,05,30,0,0,0,,,,,0,0,0,32,89,18,64,998.58,29.49,6,4,SSE,150,4.4,2.7,42,38,101,25,77,69,18,20,68,15,59,1002,29.59,993,29.33,35,22,0,0,7.0,4.3,2.0,1.0,39,0,24,3.0,0.12,Precip6GroupSynop
2017,05,31,0,1,0,,,,,0,1,0,28,82,18,64,1001.89,29.59,11,7,ENE,77,4.2,2.5,51,32,90,23,73,73,29,20,68,16,61,1004,29.65,995,29.39,24,15,6,4,6.0,3.7,2.0,1.0,32,0,16,4.0,0.16,Precip6GroupSynop
2017,06,01,0,0,0,,,,,0,0,0,30,87,16,60,1002.86,29.62,5,3,NW,325,4.9,2.9,42,39,102,22,72,100,13,23,73,12,54,1005,29.68,999,29.52,17,10,0,0,6.0,3.7,4.0,2.0,37,0,22,0.0,0.00,3Or6HourObs
2017,06,02,0,0,0,,,,,0,0,0,32,90,14,58,1001.88,29.59,3,2,WNW,291,4.8,2.9,35,41,106,23,74,61,11,16,61,11,52,1004,29.65,998,29.48,15,9,0,0,6.0,3.7,4.0,2.0,40,0,25,0.0,0.00,3Or6HourObs
2017,06,03,0,0,0,,,,,0,0,0,36,96,15,60,999.16,29.51,7,4,WNW,292,4.8,2.9,31,44,112,27,81,54,9,17,63,11,52,1002,29.59,994,29.37,24,15,0,0,6.0,3.7,2.0,1.0,46,0,32,0.0,0.00,3Or6HourObs
2017,06,04,0,0,0,,,,,0,0,0,38,100,14,58,996.62,29.43,4,2,SW,214,4.9,2.9,26,47,117,28,83,46,6,18,64,8,46,999,29.50,993,29.32,17,10,0,0,7.0,4.3,4.0,2.0,50,0,35,0.0,0.00,3Or6HourObs
2017,06,05,0,0,0,,,,,0,0,0,38,100,19,66,997.86,29.47,7,4,SSW,198,4.8,2.9,34,46,114,29,85,49,18,21,70,17,63,1000,29.53,994,29.36,18,12,0,0,7.0,4.3,2.0,1.0,50,0,34,0.0,0.00,3Or6HourObs
2017,06,06,0,0,0,,,,,0,1,0,34,93,20,69,999.40,29.51,10,6,South,185,3.1,1.9,40,41,106,27,80,74,21,22,72,16,61,1003,29.62,996,29.40,24,15,0,0,3.5,2.2,2.0,1.0,43,0,28,0.8,0.03,Precip6GroupSynop
2017,06,07,0,1,0,,,,,0,1,0,27,80,23,73,1005.04,29.68,15,10,ESE,110,4.2,2.6,75,32,89,22,72,100,49,26,79,19,66,1008,29.77,1001,29.55,111,69,0,0,6.0,3.7,0.8,0.5,30,0,16,0.0,0.00,3Or6HourObs
2017,06,08,0,0,0,,,,,0,1,0,30,86,23,74,1003.80,29.64,5,3,South,189,4.1,2.5,68,35,95,24,76,100,39,28,82,16,61,1006,29.71,999,29.51,44,28,0,0,6.0,3.7,1.5,0.9,36,0,20,16.0,0.63,Precip6GroupSynop
2017,06,09,0,1,0,,,,,0,1,0,29,85,19,65,1002.67,29.61,8,5,NW,311,4.3,2.6,53,36,98,22,72,100,23,24,75,15,59,1007,29.74,998,29.49,37,23,0,0,6.0,3.7,1.5,0.9,35,0,20,16.0,0.63,Precip6GroupSynop
2017,06,10,0,1,0,,,,,0,1,0,31,88,19,67,1001.85,29.59,6,4,WSW,245,3.5,2.1,53,38,100,24,76,100,25,25,77,15,59,1004,29.65,998,29.47,59,37,0,0,5.0,3.1,0.9,0.6,38,0,23,0.0,0.00,Precip6GroupSynop
2017,06,11,0,0,0,,,,,0,0,0,28,83,17,62,1002.05,29.59,6,4,NW,306,4.7,2.8,44,35,96,21,70,73,21,19,66,15,59,1004,29.65,998,29.47,18,12,0,0,6.0,3.7,2.0,1.0,33,0,18,0.0,0.00,Precip6GroupSynop
2017,06,12,0,0,0,,,,,0,0,0,31,88,17,63,999.61,29.52,4,3,West,279,4.8,2.9,42,39,102,23,74,74,15,20,68,14,57,1002,29.59,995,29.38,17,10,0,0,6.0,3.7,2.0,1.0,38,0,23,0.0,0.00,3Or6HourObs
2017,06,13,0,0,0,,,,,0,0,0,32,90,17,62,998.51,29.49,4,3,South,187,4.5,2.7,41,40,104,25,77,74,14,21,70,12,54,1000,29.53,996,29.40,24,15,0,0,6.0,3.7,2.0,1.0,40,0,26,0.0,0.00,3Or6HourObs
2017,06,14,0,0,0,,,,,0,0,0,34,92,14,58,1000.51,29.55,4,3,NNW,340,4.8,2.9,31,42,107,25,78,54,12,16,61,12,54,1003,29.62,996,29.43,17,10,0,0,6.0,3.7,2.0,1.0,42,0,28,0.0,0.00,3Or6HourObs
2017,06,15,0,1,0,,,,,0,1,0,32,90,17,63,1000.93,29.56,5,3,ENE,69,4.1,2.5,45,39,102,25,78,74,15,22,72,12,54,1005,29.68,996,29.43,20,13,0,0,6.0,3.7,2.0,1.0,40,0,25,10.0,0.39,Precip6GroupSynop
2017,06,16,0,0,0,,,,,0,0,0,30,88,21,70,999.91,29.53,7,4,SE,133,4.5,2.8,57,37,99,24,76,83,32,23,73,19,66,1002,29.59,998,29.46,20,13,0,0,6.0,3.7,2.0,1.0,38,0,22,0.0,0.00,3Or6HourObs
2017,06,17,0,1,0,,,,,0,1,0,28,82,23,74,1000.92,29.56,10,6,SE,137,3.4,2.1,74,32,90,23,73,100,55,27,81,20,68,1006,29.71,998,29.47,50,31,0,0,5.0,3.1,1.0,0.6,32,0,16,21.0,0.83,Precip6GroupSynop
2017,06,18,0,0,0,,,,,0,0,0,28,84,24,75,999.33,29.51,2,1,SW,214,4.1,2.5,68,36,97,21,70,100,18,27,81,6,42,1002,29.59,995,29.39,15,9,0,0,6.0,3.7,2.0,1.0,34,0,18,0.0,0.00,3Or6HourObs
2017,06,19,0,1,0,,,,,0,1,0,30,85,24,76,997.23,29.45,8,5,East,99,4.0,2.4,78,36,97,23,73,100,40,27,81,21,70,1000,29.53,995,29.39,59,37,0,0,6.0,3.7,0.0,0.0,35,0,20,21.0,0.83,Precip6GroupSynop
2017,06,20,0,1,0,,,,,0,1,0,27,80,25,77,998.88,29.50,8,5,SE,145,3.5,2.1,86,33,91,21,70,100,52,27,81,23,73,1002,29.59,996,29.40,37,23,4,2,5.0,3.1,2.0,1.0,30,0,16,2.0,0.08,Precip6GroupSynop
2017,06,21,0,1,0,,,,,0,1,0,25,78,24,76,1000.82,29.55,8,5,NNE,19,3.2,2.0,100,28,83,22,72,100,94,27,81,22,72,1003,29.62,998,29.47,28,17,0,0,5.0,3.1,2.0,1.0,28,0,12,10.0,0.39,Precip6GroupSynop
2017,06,22,0,0,0,,,,,0,0,0,28,82,24,76,1000.79,29.55,6,3,ENE,73,4.4,2.6,84,33,92,23,73,100,48,28,82,22,71,1002,29.59,999,29.51,20,13,0,0,6.0,3.7,2.0,1.0,32,0,18,0.0,0.00,3Or6HourObs
2017,06,23,0,0,0,,,,,0,0,0,30,86,25,76,1000.94,29.56,2,1,North,359,4.4,2.6,73,35,95,24,76,100,39,29,84,22,72,1003,29.62,997,29.45,9,6,0,0,6.0,3.7,2.0,1.0,36,0,20,0.0,0.00,3Or6HourObs
2017,06,24,0,0,0,,,,,0,0,0,32,90,26,79,998.20,29.48,2,1,WSW,257,3.6,2.2,69,37,99,26,80,100,38,29,84,23,73,1001,29.56,994,29.37,9,6,0,0,4.0,2.5,2.0,1.0,40,0,24,0.0,0.00,3Or6HourObs
2017,06,25,0,0,0,,,,,0,0,0,33,92,26,78,998.14,29.48,3,2,SE,126,4.2,2.6,65,39,102,27,82,100,28,30,86,21,70,1000,29.53,994,29.35,13,8,0,0,6.0,3.7,2.0,1.0,42,0,27,0.0,0.00,3Or6HourObs
2017,06,26,0,0,0,,,,,0,0,0,33,92,27,81,999.47,29.52,5,3,SE,137,4.1,2.5,69,38,100,28,83,100,40,30,86,25,77,1002,29.59,995,29.40,33,21,0,0,5.0,3.1,2.0,1.0,42,0,26,0.0,0.00,3Or6HourObs
2017,06,27,0,1,0,,,,,0,1,0,34,93,28,82,999.86,29.53,7,4,ESE,115,4.1,2.5,77,38,101,29,85,100,40,31,88,24,75,1001,29.56,997,29.44,22,14,0,0,6.0,3.7,2.0,1.0,43,0,28,2.0,0.08,Precip6GroupSynop
2017,06,28,0,1,0,,,,,0,1,0,26,78,27,80,1001.61,29.58,8,5,ENE,75,2.6,1.6,100,27,80,24,75,100,99,30,86,24,75,1005,29.68,998,29.49,65,40,0,0,3.5,2.2,1.0,0.6,28,0,12,35.0,1.38,Precip6GroupSynop
2017,06,29,0,1,0,,,,,0,0,0,24,76,25,77,1001.19,29.56,12,7,ENE,61,2.1,1.2,100,26,79,23,73,100,98,27,81,24,75,1003,29.62,999,29.49,18,12,6,4,3.0,1.9,1.5,0.9,26,0,11,11.0,0.43,Precip6GroupSynop
2017,06,30,0,1,0,,,,,0,0,0,28,82,28,82,998.00,29.47,7,4,ENE,69,3.0,1.8,98,32,90,23,73,100,83,30,86,24,75,1000,29.53,995,29.39,15,9,0,0,5.0,3.1,2.0,1.0,32,0,16,0.0,0.00,3Or6HourObs
2017,07,01,0,0,0,,,,,0,0,0,30,86,29,83,996.89,29.44,1,1,ENE,75,3.9,2.3,87,34,94,25,78,100,65,31,88,26,80,999,29.50,993,29.31,7,5,0,0,5.0,3.1,2.0,1.0,36,0,21,0.0,0.00,3Or6HourObs
2017,07,02,0,1,0,,,,,0,1,0,32,89,29,85,996.86,29.44,3,2,SE,144,3.5,2.2,86,36,97,27,80,100,60,32,90,24,75,999,29.50,993,29.33,22,14,0,0,5.0,3.1,2.0,1.0,39,0,24,0.0,0.00,3Or6HourObs
2017,07,03,0,0,0,,,,,0,1,0,30,86,29,84,997.51,29.46,4,2,SSE,153,3.7,2.2,89,34,94,26,78,100,68,31,88,25,77,1000,29.53,994,29.35,17,10,0,0,5.0,3.1,2.0,1.0,36,0,21,0.0,0.00,3Or6HourObs
2017,07,04,0,1,0,,,,,0,1,0,30,85,28,83,995.80,29.41,5,3,East,93,4.7,2.8,82,36,97,23,73,100,62,31,88,23,73,998,29.47,992,29.28,35,22,0,0,7.0,4.3,2.0,1.0,35,0,20,7.0,0.28,Precip6GroupSynop
2017,07,05,0,0,0,,,,,0,1,0,30,86,27,81,996.40,29.43,6,4,ENE,75,4.0,2.4,83,37,99,22,72,100,53,30,86,23,73,999,29.50,994,29.35,28,17,0,0,5.0,3.1,2.0,1.0,36,0,20,0.0,0.00,Precip6GroupSynop
2017,07,06,0,1,0,,,,,0,1,0,30,85,26,78,998.94,29.50,10,6,SE,131,3.7,2.2,83,35,95,24,75,100,66,30,86,22,72,1001,29.56,996,29.40,41,25,0,0,5.0,3.1,2.0,1.0,35,0,20,6.0,0.24,Precip6GroupSynop
2017,07,07,0,0,0,,,,,0,0,0,29,84,27,81,1001.22,29.57,3,2,ENE,70,3.9,2.4,86,35,95,23,74,100,62,31,88,25,77,1003,29.62,999,29.50,11,7,0,0,5.0,3.1,2.0,1.0,34,0,20,0.0,0.00,3Or6HourObs
2017,07,08,0,0,0,,,,,0,0,0,32,90,28,82,1001.02,29.56,2,1,WSW,245,3.8,2.3,78,36,97,28,82,100,47,32,90,25,77,1003,29.62,997,29.45,9,6,0,0,5.0,3.1,2.0,1.0,40,0,24,0.0,0.00,3Or6HourObs
2017,07,09,0,0,0,,,,,0,0,0,34,92,28,83,999.35,29.51,3,2,SW,235,3.7,2.3,74,38,100,29,84,100,45,31,88,26,79,1001,29.56,996,29.41,13,8,0,0,5.0,3.1,2.0,1.0,42,0,27,0.0,0.00,3Or6HourObs
2017,07,10,0,0,0,,,,,0,1,0,33,92,29,84,999.40,29.51,4,2,ENE,66,4.3,2.6,80,37,99,29,84,100,51,31,88,27,80,1002,29.59,996,29.42,18,12,0,0,6.0,3.7,2.0,1.0,42,0,26,0.0,0.00,3Or6HourObs
2017,07,11,0,1,0,,,,,0,1,0,29,84,28,83,999.61,29.52,9,6,ESE,108,3.2,2.0,92,35,95,23,73,100,68,31,88,23,73,1002,29.59,997,29.44,61,38,0,0,4.5,2.8,0.3,0.2,34,0,19,141.0,5.55,Precip6GroupSynop
2017,07,12,0,1,0,,,,,0,1,0,26,79,27,80,1001.80,29.58,11,7,East,98,3.5,2.1,100,30,86,22,72,100,98,30,86,24,75,1004,29.65,1000,29.52,37,23,0,0,5.0,3.1,2.0,1.0,29,0,14,0.0,0.00,Precip6GroupSynop
2017,07,13,0,0,0,,,,,0,0,0,28,84,29,85,1002.45,29.60,4,2,East,87,4.2,2.5,99,32,90,25,77,100,89,32,90,27,80,1005,29.68,999,29.50,11,7,0,0,5.0,3.1,2.0,1.0,34,0,18,0.0,0.00,Precip6GroupSynop
2017,07,14,0,0,0,,,,,0,1,0,32,88,29,85,1001.51,29.58,2,1,WSW,240,4.0,2.4,87,36,97,27,80,100,54,32,90,27,80,1004,29.65,998,29.47,15,9,0,0,6.0,3.7,2.0,1.0,38,0,24,0.0,0.00,3Or6HourObs
2017,07,15,0,0,0,,,,,0,0,0,32,90,30,86,1000.91,29.56,3,2,SE,140,3.8,2.3,90,35,96,29,84,100,67,32,90,28,82,1003,29.62,998,29.46,15,9,0,0,5.0,3.1,2.0,1.0,40,0,25,0.0,0.00,3Or6HourObs
2017,07,16,0,0,0,,,,,0,0,0,30,87,30,86,1000.47,29.54,7,4,ESE,112,4.2,2.6,92,35,95,26,79,100,68,32,90,27,81,1003,29.62,997,29.44,17,10,0,0,5.0,3.1,2.0,1.0,37,0,22,0.0,0.00,3Or6HourObs
2017,07,17,0,0,0,,,,,0,0,0,30,87,30,86,1000.26,29.54,4,3,East,84,3.0,1.8,96,34,94,26,80,100,68,32,90,28,82,1003,29.62,996,29.43,22,14,0,0,3.5,2.2,2.0,1.0,37,0,22,0.0,0.00,3Or6HourObs
2017,07,18,0,1,0,,,,,0,1,0,28,82,28,83,1001.54,29.58,5,3,East,82,3.1,1.9,100,30,86,25,77,100,99,30,86,25,77,1005,29.68,999,29.50,15,9,0,0,5.0,3.1,2.0,1.0,32,0,16,5.0,0.20,Precip6GroupSynop
2017,07,19,0,0,0,,,,,0,0,0,30,87,28,83,1000.10,29.53,1,1,NW,304,4.5,2.7,84,35,95,26,79,100,50,32,90,26,78,1003,29.62,994,29.37,9,6,0,0,6.0,3.7,2.0,1.0,37,0,22,0.0,0.00,3Or6HourObs
2017,07,20,0,1,0,,,,,0,1,0,30,87,30,85,998.54,29.49,3,2,East,81,3.2,2.0,98,34,94,27,80,100,72,32,90,27,81,1000,29.53,996,29.41,30,18,0,0,5.0,3.1,1.5,0.9,37,0,22,15.0,0.59,Precip6GroupSynop
2017,07,21,0,0,0,,,,,0,0,0,30,87,29,84,999.29,29.51,1,1,East,80,4.1,2.5,88,35,95,26,79,100,67,31,88,27,80,1002,29.59,995,29.40,6,4,0,0,6.0,3.7,2.0,1.0,37,0,22,0.0,0.00,3Or6HourObs
2017,07,22,0,1,0,,,,,0,1,0,29,84,29,85,1000.06,29.53,4,3,ENE,67,4.0,2.4,99,32,90,26,78,100,81,32,90,26,79,1003,29.62,998,29.46,17,10,0,0,5.0,3.1,2.0,1.0,34,0,19,4.0,0.16,Precip6GroupSynop
2017,07,23,0,0,0,,,,,0,0,0,30,86,29,85,999.19,29.51,4,2,ENE,61,5.2,3.1,90,35,95,25,78,100,64,31,89,27,81,1001,29.56,995,29.39,11,7,0,0,8.0,5.0,2.0,1.0,36,0,22,0.0,0.00,3Or6HourObs
2017,07,24,0,0,0,,,,,0,0,0,30,86,29,85,998.53,29.49,7,4,ENE,70,5.1,3.1,97,33,91,27,81,100,86,31,88,27,81,1001,29.56,995,29.38,20,13,0,0,8.0,5.0,4.0,2.0,36,0,21,0.0,0.00,3Or6HourObs
2017,07,25,0,0,0,,,,,0,0,0,30,88,29,85,998.22,29.48,4,2,SSE,159,4.8,2.9,91,34,94,27,81,100,68,31,88,28,82,1000,29.53,995,29.39,13,8,0,0,6.0,3.7,4.0,2.0,38,0,22,0.0,0.00,3Or6HourObs
2017,07,26,0,0,0,,,,,0,0,0,30,86,29,85,1000.29,29.54,6,4,ESE,110,4.7,2.8,91,35,95,25,78,100,65,31,88,27,81,1003,29.62,998,29.46,33,21,0,0,6.0,3.7,2.0,1.0,36,0,22,0.0,0.00,3Or6HourObs
2017,07,27,0,1,0,,,,,0,1,0,31,88,29,85,1001.73,29.58,5,3,SE,133,3.0,1.8,96,35,95,27,80,100,76,32,90,27,81,1003,29.62,1000,29.52,39,24,0,0,5.0,3.1,0.5,0.0,38,0,22,47.0,1.85,Precip6GroupSynop
2017,07,28,0,0,0,,,,,0,0,0,30,86,29,83,1002.60,29.61,3,2,SSE,160,4.0,2.4,90,33,92,26,80,100,70,30,86,27,81,1005,29.68,999,29.51,22,14,0,0,6.0,3.7,2.0,1.0,36,0,21,0.0,0.00,3Or6HourObs
2017,07,29,0,0,0,,,,,0,0,0,30,87,29,84,1003.04,29.62,6,4,ESE,112,3.9,2.4,94,34,93,27,81,100,62,31,88,27,81,1005,29.68,1000,29.54,17,10,0,0,6.0,3.7,2.0,1.0,37,0,22,0.0,0.00,3Or6HourObs
2017,07,30,0,1,0,,,,,0,0,0,31,88,30,86,1001.67,29.58,3,2,ESE,104,3.0,1.8,98,34,94,28,82,100,79,32,90,29,83,1011,29.87,998,29.49,15,9,0,0,4.0,2.5,1.5,0.9,38,0,23,5.0,0.20,Precip6GroupSynop
2017,07,31,0,0,0,,,,,0,0,0,30,86,29,84,1000.94,29.56,6,4,ESE,123,2.9,1.8,97,32,90,27,81,100,84,30,87,28,82,1003,29.62,999,29.50,15,9,0,0,3.5,2.2,2.0,1.0,36,0,20,0.0,0.00,3Or6HourObs
2017,08,01,0,0,0,,,,,0,0,0,30,84,29,84,1001.45,29.57,3,2,ESE,119,2.7,1.6,98,32,89,27,80,100,89,30,86,28,82,1003,29.62,999,29.51,13,8,0,0,3.5,2.2,1.5,0.9,34,0,20,0.0,0.00,Precip6GroupSynop
2017,08,02,0,1,0,,,,,0,1,0,28,82,27,80,1000.74,29.55,5,3,East,88,3.8,2.3,91,31,89,24,76,100,69,28,82,25,77,1003,29.62,998,29.48,22,14,0,0,5.0,3.1,2.0,1.0,32,0,18,11.0,0.43,Precip6GroupSynop
2017,08,03,0,0,0,,,,,0,1,0,28,83,26,80,997.59,29.46,2,2,ESE,119,4.1,2.4,87,31,88,25,78,100,68,28,82,26,79,1000,29.53,994,29.37,13,8,0,0,5.0,3.1,2.0,1.0,33,0,18,0.0,0.00,3Or6HourObs
2017,08,04,0,1,0,,,,,0,1,0,30,86,27,81,995.85,29.41,3,2,SSW,195,3.2,2.0,86,35,95,25,77,100,52,32,90,26,79,998,29.47,993,29.34,17,10,0,0,3.5,2.2,2.0,1.0,36,0,21,0.0,0.00,Precip6GroupSynop
2017,08,05,0,0,0,,,,,0,0,0,32,89,30,86,998.73,29.49,6,4,ESE,121,3.2,1.9,91,35,96,28,82,100,67,32,90,28,82,1001,29.56,997,29.43,15,9,0,0,4.0,2.5,2.0,1.0,39,0,24,0.0,0.00,Precip6GroupSynop
2017,08,06,0,0,0,,,,,0,0,0,31,88,30,86,1000.85,29.56,5,3,South,173,4.1,2.5,90,35,96,27,81,100,65,31,88,28,82,1003,29.62,998,29.49,13,8,0,0,7.0,4.3,2.0,1.0,38,0,24,0.0,0.00,3Or6HourObs
2017,08,07,0,0,0,,,,,0,0,0,32,90,30,86,1001.56,29.58,4,2,SSE,167,3.1,1.9,96,36,97,29,84,100,61,32,90,28,82,1004,29.65,999,29.52,15,9,0,0,3.5,2.2,2.0,1.0,40,0,26,0.0,0.00,3Or6HourObs
2017,08,08,0,0,0,,,,,0,0,0,31,88,30,86,1002.30,29.60,6,4,ESE,103,3.5,2.1,96,35,95,27,80,100,79,32,90,28,82,1004,29.65,999,29.50,15,9,0,0,7.0,4.3,2.0,1.0,38,0,22,0.0,0.00,3Or6HourObs
2017,08,09,0,1,0,,,,,0,1,0,29,84,29,84,1001.02,29.56,5,3,ENE,72,4.2,2.5,93,35,96,23,73,100,69,31,88,24,75,1004,29.65,998,29.46,28,17,0,0,7.0,4.3,2.0,1.0,34,0,20,0.0,0.00,3Or6HourObs
2017,08,10,0,0,0,,,,,0,0,0,30,86,30,86,999.11,29.50,3,2,ENE,75,4.5,2.7,93,35,95,25,77,100,68,32,90,28,82,1001,29.56,996,29.42,13,8,0,0,7.0,4.3,2.0,1.0,36,0,21,0.0,0.00,3Or6HourObs
2017,08,11,0,0,0,,,,,0,0,0,32,89,30,85,997.62,29.46,4,2,WSW,244,4.8,2.9,86,36,97,27,81,100,59,31,88,28,82,999,29.50,995,29.38,18,12,0,0,7.0,4.3,2.0,1.0,39,0,24,0.0,0.00,3Or6HourObs
2017,08,12,0,0,0,,,,,0,1,0,32,90,30,86,997.47,29.45,5,3,SW,223,4.5,2.7,89,36,96,28,83,100,63,32,90,28,82,999,29.50,995,29.39,15,9,0,0,6.0,3.7,2.0,1.0,40,0,24,0.0,0.00,3Or6HourObs
2017,08,13,0,1,0,,,,,0,0,0,30,86,29,85,999.65,29.52,5,3,SSW,196,4.1,2.5,90,35,96,24,75,100,61,32,90,24,75,1005,29.68,996,29.42,20,13,0,0,5.0,3.1,2.0,1.0,36,0,20,20.0,0.79,Precip6GroupSynop
2017,08,14,0,1,0,,,,,0,0,0,28,82,27,80,1004.37,29.66,11,7,NNE,14,4.4,2.6,97,33,91,23,74,100,79,30,86,24,75,1006,29.71,1002,29.60,28,17,0,0,6.0,3.7,2.0,1.0,32,0,18,0.0,0.00,3Or6HourObs
2017,08,15,0,0,0,,,,,0,0,0,30,86,29,83,1003.26,29.63,3,2,WNW,289,4.4,2.6,92,33,92,26,80,100,66,30,86,26,79,1006,29.71,1000,29.55,13,8,0,0,6.0,3.7,2.0,1.0,36,0,21,0.0,0.00,3Or6HourObs
2017,08,16,0,0,0,,,,,0,0,0,30,88,27,81,1000.73,29.55,2,1,West,280,4.5,2.8,84,35,95,26,80,100,59,30,87,25,77,1003,29.62,998,29.47,11,7,0,0,6.0,3.7,2.0,1.0,38,0,22,0.0,0.00,3Or6HourObs
2017,08,17,0,0,0,,,,,0,0,0,30,88,29,83,999.40,29.51,1,1,South,175,4.5,2.7,86,35,96,26,80,100,55,32,90,26,79,1001,29.56,997,29.45,9,6,0,0,6.0,3.7,2.0,1.0,38,0,23,0.0,0.00,3Or6HourObs
2017,08,18,0,0,0,,,,,0,0,0,32,90,28,83,1000.54,29.55,2,1,SSW,195,4.6,2.8,82,36,97,27,82,100,50,32,90,25,77,1002,29.59,998,29.47,7,5,0,0,6.0,3.7,2.0,1.0,40,0,24,0.0,0.00,3Or6HourObs
2017,08,19,0,0,0,,,,,0,0,0,30,86,30,85,1003.84,29.64,7,5,ESE,102,4.7,2.8,97,33,92,27,80,100,84,32,90,27,80,1006,29.71,1001,29.55,22,14,0,0,6.0,3.7,2.0,1.0,36,0,21,0.0,0.00,3Or6HourObs
2017,08,20,0,0,0,,,,,0,0,0,28,84,27,81,1004.82,29.68,6,4,East,90,4.9,3.0,94,32,90,25,78,100,76,29,84,26,79,1007,29.74,1001,29.57,18,12,0,0,8.0,5.0,2.0,1.0,34,0,19,0.0,0.00,3Or6HourObs
2017,08,21,0,1,0,,,,,0,0,0,30,87,28,83,1002.71,29.61,3,2,SE,125,4.7,2.8,91,35,95,26,79,100,59,31,88,27,80,1005,29.68,1000,29.52,15,9,0,0,6.0,3.7,2.0,1.0,37,0,22,0.0,0.00,Precip6GroupSynop
2017,08,22,0,0,0,,,,,0,0,0,30,87,28,83,1002.51,29.61,3,2,ENE,77,4.4,2.7,92,35,95,26,79,100,63,31,88,26,79,1005,29.68,998,29.49,13,8,0,0,6.0,3.7,2.0,1.0,37,0,22,0.0,0.00,Precip6GroupSynop
2017,08,23,0,0,0,,,,,0,0,0,30,88,29,84,1003.42,29.63,2,1,East,85,4.3,2.6,91,35,95,26,80,100,72,31,88,27,81,1006,29.71,1000,29.54,9,6,0,0,6.0,3.7,2.0,1.0,38,0,22,0.0,0.00,3Or6HourObs
2017,08,24,0,0,0,,,,,0,0,0,29,84,29,84,1002.50,29.60,5,3,SE,139,3.5,2.1,92,34,93,24,76,100,71,31,88,26,79,1006,29.71,999,29.50,15,9,0,0,5.0,3.1,2.0,1.0,34,0,20,0.0,0.00,3Or6HourObs
2017,08,25,0,1,0,,,,,0,1,0,27,80,27,80,1002.04,29.59,3,2,NE,48,3.7,2.2,98,31,88,23,73,100,75,29,84,23,73,1006,29.71,1000,29.52,52,32,0,0,5.0,3.1,1.5,0.9,30,0,16,10.0,0.39,Precip6GroupSynop
2017,08,26,0,1,0,,,,,0,1,0,28,82,26,78,1001.38,29.57,4,2,NW,321,4.3,2.6,94,32,89,23,74,100,68,29,84,24,75,1006,29.71,998,29.47,22,14,0,0,8.0,5.0,2.0,1.0,32,0,16,0.0,0.00,Precip6GroupSynop
2017,08,27,0,0,0,,,,,0,0,0,28,84,27,80,1001.11,29.56,2,1,WNW,293,4.8,2.9,90,34,93,23,74,100,63,30,86,24,75,1003,29.62,997,29.46,13,8,0,0,8.0,5.0,2.0,1.0,34,0,18,0.0,0.00,Precip6GroupSynop
2017,08,28,0,0,0,,,,,0,0,0,29,85,28,82,1003.20,29.63,2,1,SE,133,4.3,2.6,92,33,93,25,77,100,66,31,88,26,78,1005,29.68,1000,29.54,11,7,0,0,5.0,3.1,2.0,1.0,35,0,20,0.0,0.00,3Or6HourObs
2017,08,29,0,1,0,,,,,0,1,0,28,82,27,81,1004.37,29.66,3,2,NE,55,4.3,2.6,100,31,88,25,77,100,98,30,86,25,77,1006,29.71,1003,29.61,15,9,0,0,5.0,3.1,4.0,2.0,32,0,18,4.0,0.16,Precip6GroupSynop
2017,08,30,0,1,0,,,,,0,1,0,32,90,27,81,1004.49,29.66,3,2,NNE,20,4.0,2.4,100,39,103,25,78,100,98,29,85,26,79,1007,29.74,1003,29.62,13,8,0,0,6.0,3.7,2.0,1.0,40,0,26,13.0,0.51,Precip6GroupSynop
2017,08,31,0,0,0,,,,,0,0,0,31,88,28,83,1004.39,29.66,2,1,SSW,213,4.4,2.6,96,38,100,24,76,100,47,32,89,26,78,1006,29.71,1001,29.56,13,8,0,0,6.0,3.7,2.0,1.0,38,0,23,0.0,0.00,3Or6HourObs
2017,09,01,0,1,0,,,,,0,1,0,27,81,26,80,1003.17,29.63,4,2,ESE,104,3.8,2.3,99,30,87,24,75,100,89,29,84,24,75,1005,29.68,1000,29.54,20,13,0,0,5.0,3.1,2.0,1.0,31,0,16,1.0,0.04,Precip6GroupSynop
2017,09,02,0,0,0,,,,,0,1,0,28,82,27,81,1003.02,29.62,3,2,NNE,13,4.4,2.7,96,31,89,24,75,100,78,29,84,25,77,1005,29.68,1001,29.56,11,7,0,0,5.0,3.1,2.0,1.0,32,0,17,0.0,0.00,3Or6HourObs
2017,09,03,0,0,0,,,,,0,0,0,28,82,27,80,1004.22,29.66,3,2,NW,311,5.4,3.3,90,33,92,23,73,100,66,30,86,25,76,1006,29.71,1002,29.59,9,6,0,0,8.0,5.0,2.0,1.0,32,0,18,0.0,0.00,3Or6HourObs
2017,09,04,0,1,0,,,,,0,1,0,27,80,27,81,1006.02,29.71,4,2,West,280,4.2,2.5,99,31,88,23,73,100,89,31,88,23,73,1009,29.80,1004,29.64,59,37,0,0,6.0,3.7,1.5,0.9,30,0,16,12.0,0.47,Precip6GroupSynop
2017,09,05,0,0,0,,,,,0,0,0,28,84,27,81,1005.16,29.69,2,1,West,280,4.1,2.4,92,33,92,23,75,100,66,30,87,24,75,1008,29.77,1003,29.61,11,7,0,0,5.0,3.1,2.0,1.0,34,0,18,0.0,0.00,3Or6HourObs
2017,09,06,0,0,0,,,,,0,1,0,28,84,26,80,1005.06,29.68,2,1,West,280,3.4,2.0,95,34,93,23,74,100,66,32,90,23,73,1007,29.74,1003,29.62,18,12,0,0,5.0,3.1,2.0,1.0,34,0,18,0.0,0.00,3Or6HourObs
2017,09,07,0,0,0,,,,,0,0,0,28,82,25,78,1006.60,29.73,2,1,WNW,292,4.8,2.9,88,33,92,22,72,100,47,28,83,23,73,1009,29.80,1004,29.64,13,8,0,0,6.0,3.7,2.0,1.0,32,0,17,0.0,0.00,3Or6HourObs
2017,09,08,0,0,0,,,,,0,0,0,28,83,26,79,1007.20,29.75,3,2,NW,313,4.4,2.6,87,33,93,23,73,100,55,29,84,23,73,1010,29.83,1005,29.67,76,47,0,0,6.0,3.7,2.0,1.0,33,0,18,0.0,0.00,3Or6HourObs
2017,09,09,0,0,0,,,,,0,0,0,30,86,27,80,1004.98,29.68,4,3,WNW,286,3.9,2.4,84,35,95,25,78,100,51,30,86,24,75,1008,29.77,1002,29.58,22,14,0,0,5.0,3.1,2.0,1.0,36,0,22,0.0,0.00,3Or6HourObs
2017,09,10,0,0,0,,,,,0,0,0,30,86,27,80,1006.30,29.72,6,4,NE,54,4.2,2.6,90,34,93,25,77,100,62,29,84,25,76,1009,29.80,1003,29.62,22,14,0,0,6.0,3.7,2.0,1.0,36,0,20,0.0,0.00,3Or6HourObs
2017,09,11,0,0,0,,,,,0,0,0,28,82,25,77,1008.25,29.78,5,3,WNW,294,5.0,3.0,88,32,90,23,73,100,59,27,81,23,73,1011,29.86,1006,29.70,17,10,0,0,8.0,5.0,4.0,2.0,32,0,16,0.0,0.00,3Or6HourObs
2017,09,12,0,0,0,,,,,0,0,0,28,83,26,79,1008.25,29.78,3,2,NW,309,4.5,2.7,86,33,93,23,73,100,51,30,86,24,74,1011,29.86,1005,29.68,15,9,0,0,7.0,4.3,2.0,1.0,33,0,18,0.0,0.00,3Or6HourObs
2017,09,13,0,0,0,,,,,0,1,0,30,86,26,79,1007.60,29.76,4,2,West,281,4.1,2.5,84,35,96,24,76,100,56,30,86,18,64,1010,29.83,1003,29.63,35,22,0,0,8.0,5.0,2.0,1.0,36,0,22,0.0,0.00,3Or6HourObs
2017,09,14,0,0,0,,,,,0,0,0,28,82,23,74,1007.42,29.75,3,2,NE,38,5.1,3.1,80,35,95,21,69,100,40,28,82,19,66,1010,29.83,1004,29.66,13,8,0,0,8.0,5.0,4.0,2.0,32,0,17,0.0,0.00,3Or6HourObs
2017,09,15,0,0,0,,,,,0,0,0,28,82,24,75,1006.51,29.72,3,2,WNW,285,4.6,2.8,81,33,92,22,72,100,41,26,79,20,68,1009,29.80,1003,29.63,15,9,0,0,7.0,4.3,2.0,1.0,32,0,17,0.0,0.00,3Or6HourObs
2017,09,16,0,0,0,,,,,0,0,0,28,82,22,72,1006.51,29.72,4,2,WNW,301,4.5,2.7,74,34,93,21,70,100,33,26,79,19,66,1008,29.77,1004,29.64,15,9,0,0,6.0,3.7,2.0,1.0,32,0,16,0.0,0.00,3Or6HourObs
2017,09,17,0,0,0,,,,,0,0,0,28,82,23,74,1005.80,29.70,3,2,WNW,292,4.3,2.6,82,34,93,21,70,100,44,25,77,21,70,1008,29.77,1003,29.62,17,10,0,0,6.0,3.7,2.0,1.0,32,0,16,0.0,0.00,3Or6HourObs
2017,09,18,0,0,0,,,,,0,0,0,27,81,22,72,1005.04,29.68,3,2,WNW,296,5.3,3.2,74,35,95,19,67,100,35,25,77,20,67,1007,29.74,1002,29.59,13,8,0,0,8.0,5.0,4.0,2.0,31,0,16,0.0,0.00,3Or6HourObs
2017,09,19,0,0,0,,,,,0,0,0,28,84,23,74,1004.52,29.67,1,1,SW,230,4.8,2.9,77,35,96,21,71,100,34,27,81,20,68,1007,29.74,1001,29.57,7,5,0,0,8.0,5.0,2.0,1.0,34,0,18,0.0,0.00,3Or6HourObs
2017,09,20,0,0,0,,,,,0,0,0,28,83,24,75,1003.84,29.65,2,1,WNW,302,4.8,2.9,78,35,95,22,71,100,32,28,82,19,66,1006,29.71,1001,29.56,11,7,0,0,8.0,5.0,2.0,1.0,33,0,18,0.0,0.00,3Or6HourObs
2017,09,21,0,0,0,,,,,0,0,0,29,84,25,77,1003.60,29.64,1,1,WSW,251,4.2,2.6,81,34,94,24,75,100,48,28,82,22,72,1006,29.71,1001,29.55,9,6,0,0,5.0,3.1,2.0,1.0,34,0,20,0.0,0.00,3Or6HourObs
2017,09,22,0,0,0,,,,,0,0,0,29,84,26,79,1004.48,29.66,2,1,WNW,296,3.1,1.9,84,34,93,24,76,100,52,28,83,24,75,1007,29.74,1002,29.58,13,8,0,0,3.5,2.2,2.0,1.0,34,0,20,0.0,0.00,3Or6HourObs
2017,09,23,0,0,0,,,,,0,0,0,27,81,26,78,1007.05,29.74,5,3,SE,136,4.1,2.5,95,31,88,23,74,100,56,28,82,23,73,1009,29.80,1005,29.68,13,8,0,0,5.0,3.1,2.0,1.0,31,0,16,0.0,0.00,3Or6HourObs
2017,09,24,0,0,0,,,,,0,0,0,27,82,25,78,1008.46,29.78,2,1,WSW,247,4.5,2.7,90,32,91,22,73,100,70,28,82,23,73,1011,29.86,1006,29.71,9,6,0,0,6.0,3.7,2.0,1.0,32,0,17,0.0,0.00,3Or6HourObs
2017,09,25,0,0,0,,,,,0,0,0,28,83,24,76,1006.23,29.72,1,1,WNW,290,3.2,2.0,80,34,93,23,73,100,41,26,79,19,66,1008,29.77,1004,29.64,7,5,0,0,5.0,3.1,1.2,0.7,33,0,18,0.0,0.00,3Or6HourObs
2017,09,26,0,0,0,,,,,0,0,0,28,84,25,78,1006.33,29.72,2,1,West,262,4.1,2.4,81,34,94,23,74,100,46,28,82,24,75,1009,29.80,1004,29.66,9,6,0,0,5.0,3.1,2.0,1.0,34,0,19,0.0,0.00,3Or6HourObs
2017,09,27,0,0,0,,,,,0,0,0,30,86,25,78,1006.94,29.74,3,2,WSW,238,4.1,2.5,78,35,96,24,76,100,47,27,81,24,75,1010,29.83,1004,29.66,13,8,0,0,5.0,3.1,2.0,1.0,36,0,21,0.0,0.00,3Or6HourObs
2017,09,28,0,0,0,,,,,0,0,0,29,84,26,78,1006.02,29.71,2,1,WSW,255,4.1,2.5,81,35,95,23,74,100,48,28,82,24,75,1008,29.77,1003,29.62,9,6,0,0,5.0,3.1,2.0,1.0,34,0,20,0.0,0.00,3Or6HourObs
2017,09,29,0,0,0,,,,,0,0,0,29,84,25,77,1005.80,29.70,2,1,West,267,3.8,2.3,80,35,96,23,73,100,47,28,82,23,73,1008,29.77,1003,29.62,11,7,0,0,5.0,3.1,2.0,1.0,34,0,20,0.0,0.00,3Or6HourObs
2017,09,30,0,0,0,,,,,0,0,0,30,85,25,77,1007.48,29.75,2,1,WSW,248,3.8,2.3,83,37,98,22,72,100,49,28,82,21,70,1010,29.83,1005,29.68,15,9,0,0,6.0,3.7,2.0,1.0,35,0,20,0.0,0.00,3Or6HourObs
2017,10,01,0,0,0,,,,,0,0,0,28,82,23,73,1007.33,29.75,3,2,SSE,160,3.6,2.2,71,35,95,21,70,100,23,28,82,15,59,1010,29.83,1004,29.65,13,8,0,0,5.0,3.1,2.0,1.0,32,0,18,0.0,0.00,3Or6HourObs
2017,10,02,0,0,0,,,,,0,0,0,28,82,22,72,1006.82,29.74,2,1,WNW,285,4.1,2.5,73,34,94,21,70,100,31,28,82,17,63,1009,29.80,1004,29.66,9,6,0,0,6.0,3.7,2.0,1.0,32,0,17,0.0,0.00,3Or6HourObs
2017,10,03,0,0,0,,,,,0,0,0,28,84,22,71,1007.77,29.76,2,1,SSW,199,3.5,2.2,71,35,96,22,72,100,31,27,81,10,50,1010,29.83,1006,29.70,15,9,0,0,5.0,3.1,2.0,1.0,34,0,19,0.0,0.00,3Or6HourObs
2017,10,04,0,0,0,,,,,0,0,0,28,82,19,67,1009.49,29.81,2,1,West,267,4.3,2.6,70,35,95,21,70,100,4,25,77,-43,-45,1012,29.89,1007,29.74,15,9,0,0,6.0,3.7,2.0,1.0,32,0,18,0.0,0.00,3Or6HourObs
2017,10,05,0,0,0,,,,,0,0,0,28,82,25,76,1010.24,29.84,2,1,WNW,292,4.0,2.4,86,35,95,20,69,100,53,29,84,21,70,1012,29.89,1007,29.75,15,9,0,0,6.0,3.7,2.0,1.0,32,0,17,0.0,0.00,3Or6HourObs
2017,10,06,0,0,0,,,,,0,0,0,27,81,24,75,1009.79,29.82,3,2,WNW,291,4.3,2.6,82,34,94,20,68,100,53,25,78,21,70,1012,29.89,1001,29.57,17,10,0,0,6.0,3.7,2.0,1.0,31,0,16,0.0,0.00,3Or6HourObs
2017,10,07,0,0,0,,,,,0,0,0,27,81,24,75,1008.77,29.79,3,2,WNW,292,3.7,2.3,83,34,94,20,68,100,41,29,84,21,69,1011,29.86,1006,29.70,17,10,0,0,6.0,3.7,2.0,1.0,31,0,16,0.0,0.00,3Or6HourObs
2017,10,08,0,0,0,,,,,0,0,0,28,82,21,70,1007.87,29.77,2,1,West,276,4.1,2.5,70,34,94,21,70,100,29,27,81,17,63,1010,29.83,1005,29.69,11,7,0,0,6.0,3.7,2.0,1.0,32,0,17,0.0,0.00,3Or6HourObs
2017,10,09,0,0,0,,,,,0,0,0,28,82,22,72,1008.50,29.78,2,1,West,281,3.3,2.0,74,34,94,21,71,100,35,28,82,17,63,1011,29.86,1006,29.71,9,6,0,0,4.5,2.8,2.0,1.0,32,0,18,0.0,0.00,3Or6HourObs
2017,10,10,0,0,0,,,,,0,0,0,28,82,22,72,1008.10,29.77,2,1,NW,304,2.7,1.6,76,34,93,22,71,100,31,28,82,14,57,1010,29.83,1005,29.68,9,6,0,0,3.0,1.9,2.0,1.0,32,0,17,0.0,0.00,3Or6HourObs
2017,10,11,0,0,0,,,,,0,0,0,27,82,21,70,1008.32,29.78,1,0,WNW,295,2.6,1.6,71,34,94,20,69,100,29,23,74,16,61,1010,29.83,1006,29.71,9,6,0,0,3.5,2.2,2.0,1.0,32,0,16,0.0,0.00,3Or6HourObs
2017,10,12,0,0,0,,,,,0,0,0,28,82,23,73,1007.54,29.76,2,1,WNW,299,3.2,1.9,78,34,93,21,70,100,43,26,79,21,70,1010,29.83,1004,29.66,15,9,0,0,5.0,3.1,2.0,1.0,32,0,16,0.0,0.00,3Or6HourObs
2017,10,13,0,0,0,,,,,0,0,0,27,81,22,72,1005.27,29.69,2,1,WNW,285,3.2,1.9,81,34,94,20,68,100,44,25,77,20,67,1008,29.77,1002,29.60,11,7,0,0,4.5,2.8,2.0,1.0,31,0,16,0.0,0.00,3Or6HourObs
2017,10,14,0,0,0,,,,,0,0,0,26,80,21,70,1005.78,29.70,2,1,WNW,286,3.4,2.0,73,34,93,19,66,100,40,25,77,19,65,1009,29.80,1003,29.62,9,6,0,0,5.0,3.1,2.0,1.0,30,0,14,0.0,0.00,3Or6HourObs
2017,10,15,0,0,0,,,,,0,0,0,26,80,20,68,1006.12,29.71,2,1,NE,40,2.8,1.7,67,35,95,18,65,100,35,23,73,16,61,1008,29.77,1003,29.63,7,5,0,0,3.5,2.2,2.0,1.0,30,0,15,0.0,0.00,3Or6HourObs
2017,10,16,0,0,0,,,,,0,0,0,26,80,20,69,1007.30,29.75,3,2,West,280,3.5,2.1,75,33,93,19,66,100,30,23,73,17,63,1010,29.83,1005,29.69,13,8,0,0,5.0,3.1,2.0,1.0,30,0,14,0.0,0.00,3Or6HourObs
2017,10,17,0,0,0,,,,,0,0,0,25,78,19,67,1008.50,29.78,4,2,WNW,300,3.7,2.3,70,33,92,17,63,100,36,23,73,16,61,1011,29.86,1006,29.71,17,10,0,0,6.0,3.7,2.0,1.0,28,0,12,0.0,0.00,3Or6HourObs
2017,10,18,0,0,0,,,,,0,0,0,26,80,21,70,1009.52,29.82,2,1,WNW,300,2.9,1.8,79,34,94,19,66,100,37,24,75,19,66,1012,29.89,1007,29.74,13,8,0,0,4.0,2.5,2.0,1.0,30,0,15,0.0,0.00,3Or6HourObs
2017,10,19,0,0,0,,,,,0,0,0,26,78,20,68,1009.95,29.83,3,2,NNW,343,3.3,2.0,73,33,92,18,65,100,38,23,73,18,64,1013,29.92,1007,29.74,13,8,0,0,6.0,3.7,2.0,1.0,28,0,14,0.0,0.00,3Or6HourObs
2017,10,20,0,0,0,,,,,0,0,0,25,78,19,66,1009.40,29.81,2,1,NW,310,3.6,2.2,76,33,91,17,64,100,29,21,70,15,59,1012,29.89,1007,29.73,11,7,0,0,6.0,3.7,2.0,1.0,28,0,12,0.0,0.00,3Or6HourObs
2017,10,21,0,0,0,,,,,0,0,0,25,78,19,66,1007.43,29.75,3,2,WNW,284,3.3,2.0,73,33,93,17,62,100,38,20,69,17,63,1010,29.83,1004,29.65,15,9,0,0,5.0,3.1,2.0,1.0,28,0,12,0.0,0.00,3Or6HourObs
2017,10,22,0,0,0,,,,,0,0,0,25,78,18,65,1006.56,29.73,2,1,East,82,2.4,1.5,74,33,92,17,63,100,32,21,70,16,61,1009,29.80,1004,29.65,11,7,0,0,3.5,2.2,2.0,1.0,28,0,12,0.0,0.00,3Or6HourObs
2017,10,23,0,0,0,,,,,0,0,0,24,76,18,64,1009.53,29.81,2,1,ENE,60,3.5,2.1,68,31,89,17,64,100,31,19,66,16,61,1012,29.89,1007,29.73,7,5,0,0,5.0,3.1,2.0,1.0,26,0,12,0.0,0.00,3Or6HourObs
2017,10,24,0,0,0,,,,,0,0,0,23,74,19,66,1011.97,29.89,3,2,WNW,292,3.0,1.8,80,31,88,15,60,100,43,21,70,15,59,1014,29.95,1010,29.83,15,9,0,0,4.0,2.5,2.0,1.0,24,0,9,0.0,0.00,3Or6HourObs
2017,10,25,0,0,0,,,,,0,0,0,24,76,18,65,1014.43,29.96,1,1,WNW,285,2.6,1.6,81,32,90,16,61,100,30,20,68,17,62,1041,30.75,1012,29.88,7,5,0,0,3.5,2.2,2.0,1.0,26,0,10,0.0,0.00,3Or6HourObs
2017,10,26,0,0,0,,,,,0,0,0,23,74,17,63,1014.78,29.97,1,1,East,85,2.5,1.5,70,31,89,15,59,100,29,19,66,16,60,1016,30.01,1013,29.91,7,5,0,0,3.0,1.9,2.0,1.0,24,0,9,0.0,0.00,3Or6HourObs
2017,10,27,0,0,0,,,,,0,0,0,22,72,17,62,1014.43,29.96,1,1,ENE,67,2.2,1.3,76,29,84,15,59,100,35,19,66,15,59,1017,30.04,1012,29.88,9,6,0,0,3.0,1.9,2.0,1.0,22,0,6,0.0,0.00,3Or6HourObs
2017,10,28,0,0,0,,,,,0,0,0,22,72,17,63,1013.98,29.95,1,1,WNW,282,1.6,1.0,80,29,85,15,59,100,40,21,70,15,59,1016,30.01,1012,29.88,7,5,0,0,2.0,1.2,1.5,0.9,22,0,7,0.0,0.00,3Or6HourObs
2017,10,29,0,0,0,,,,,0,0,0,22,72,19,66,1016.14,30.01,1,1,SE,140,1.3,0.9,87,29,84,15,59,100,61,25,77,16,61,1018,30.06,1014,29.95,7,5,0,0,1.0,1.0,1.2,0.7,22,0,6,0.0,0.00,3Or6HourObs
2017,10,30,0,0,0,,,,,0,0,0,22,71,17,63,1016.42,30.02,1,0,Variable,-1,1.3,0.8,80,28,83,15,59,100,46,20,68,15,59,1020,30.12,1013,29.92,4,2,0,0,1.0,1.0,0.5,0.0,21,0,6,0.0,0.00,3Or6HourObs
2017,10,31,0,0,0,,,,,0,0,0,21,70,16,62,1014.11,29.95,1,1,ENE,70,1.3,0.9,76,28,82,14,58,100,35,19,66,11,52,1016,30.01,1012,29.88,7,5,0,0,1.0,1.0,1.2,0.7,20,0,5,0.0,0.00,3Or6HourObs
2017,11,01,1,0,0,,,,,0,0,0,20,70,17,62,1015.54,29.99,2,1,East,101,1.3,0.9,78,26,80,15,60,100,49,18,64,16,60,1018,30.06,1014,29.93,13,8,0,0,1.7,1.1,0.5,0.0,20,0,5,0.0,0.00,3Or6HourObs
2017,11,02,1,0,0,,,,,0,0,0,20,70,18,65,1014.64,29.97,1,0,Variable,-1,0.8,0.5,90,27,81,14,58,100,73,22,72,15,59,1017,30.04,1012,29.89,6,4,0,0,1.0,1.0,0.5,0.0,20,0,4,0.0,0.00,3Or6HourObs
2017,11,03,1,0,0,,,,,0,0,0,20,68,18,64,1014.60,29.97,0,0,Variable,-1,0.6,0.4,92,26,79,14,57,100,67,21,70,15,59,1017,30.04,1013,29.92,4,2,0,0,1.0,1.0,0.5,0.0,18,0,3,0.0,0.00,3Or6HourObs
2017,11,04,1,0,0,,,,,0,0,0,20,70,16,60,1016.79,30.03,1,1,Variable,-1,1.4,0.9,78,28,84,12,55,100,32,18,64,14,57,1019,30.09,1015,29.97,7,5,0,0,3.0,1.9,0.0,0.0,20,0,4,0.0,0.00,3Or6HourObs
2017,11,05,1,0,0,,,,,0,0,0,20,69,16,62,1016.53,30.02,1,1,Variable,-1,1.4,0.9,77,27,82,13,56,100,40,19,66,14,57,1019,30.09,1014,29.95,6,4,0,0,2.0,1.2,0.5,0.0,19,0,4,0.0,0.00,3Or6HourObs
2017,11,06,1,0,0,,,,,0,0,0,18,65,17,62,1015.76,30.00,1,1,West,270,0.5,0.3,92,24,75,13,55,100,71,19,66,13,55,1018,30.06,1014,29.94,9,6,0,0,1.0,1.0,0.0,0.0,15,0,0,0.0,0.00,3Or6HourObs
2017,11,07,1,0,0,,,,,0,0,0,19,67,17,63,1015.33,29.99,2,1,WSW,250,0.5,0.3,94,24,76,14,58,100,78,20,68,15,59,1017,30.04,1013,29.93,6,4,0,0,0.9,0.6,0.0,0.0,17,0,2,0.0,0.00,3Or6HourObs
2017,11,08,1,0,0,,,,,0,0,0,18,64,15,58,1015.36,29.99,1,1,WSW,250,0.7,0.4,91,22,72,13,56,100,58,17,63,14,56,1018,30.06,1013,29.91,9,6,0,0,1.0,1.0,0.0,0.0,14,1,0,0.0,0.00,3Or6HourObs
2017,11,09,1,0,0,,,,,0,0,0,19,67,14,58,1014.07,29.95,1,0,Variable,-1,1.3,0.8,82,26,80,12,54,100,36,17,63,13,55,1016,30.01,1012,29.89,4,2,0,0,3.5,2.2,0.2,0.0,17,0,2,0.0,0.00,3Or6HourObs
2017,11,10,1,0,0,,,,,0,0,0,18,66,15,59,1015.00,29.98,1,1,Variable,-1,0.7,0.4,88,27,81,10,50,100,42,20,68,11,51,1017,30.04,1013,29.92,4,2,0,0,2.3,1.4,0.1,0.0,16,0,0,0.0,0.00,3Or6HourObs
2017,11,11,1,0,0,,,,,0,0,0,18,66,15,59,1015.66,30.00,1,1,Variable,-1,1.0,0.6,89,27,80,10,51,100,47,21,71,11,52,1018,30.06,1014,29.93,4,2,0,0,2.0,1.2,0.0,0.0,16,0,0,0.0,0.00,3Or6HourObs
2017,11,12,1,0,0,,,,,0,0,0,18,64,14,57,1013.43,29.93,1,1,Variable,-1,1.0,0.6,86,25,77,11,51,100,46,16,61,11,52,1016,30.01,1011,29.85,4,2,0,0,1.8,1.1,0.2,0.0,14,1,0,0.0,0.00,3Or6HourObs
2017,11,13,1,0,0,,,,,0,0,0,18,64,16,61,1011.83,29.88,1,0,Variable,-1,0.5,0.3,94,23,73,13,55,100,73,18,65,14,57,1014,29.95,1010,29.82,4,2,0,0,0.9,0.6,0.0,0.0,14,1,0,0.0,0.00,3Or6HourObs
2017,11,14,1,1,0,,,,,0,1,0,17,63,14,57,1011.85,29.88,6,4,ESE,106,1.4,0.8,86,22,72,12,54,100,48,16,61,11,52,1014,29.95,1010,29.83,32,20,0,0,3.0,1.9,0.5,0.0,13,2,0,3.0,0.12,Precip6GroupSynop
2017,11,15,0,0,0,,,,,0,0,0,16,62,14,57,1014.62,29.97,6,4,NE,48,3.0,1.8,84,22,72,11,53,100,54,16,61,11,52,1017,30.04,1013,29.91,17,10,0,0,5.0,3.1,2.0,1.0,12,2,0,0.0,0.00,3Or6HourObs
2017,11,16,0,0,0,,,,,0,0,0,16,60,12,54,1015.96,30.01,4,2,NW,314,2.4,1.4,84,21,71,10,50,100,51,15,59,10,50,1018,30.06,1015,29.97,11,7,0,0,3.5,2.2,2.0,1.0,10,4,0,0.0,0.00,Precip6GroupSynop
2017,11,17,0,0,0,,,,,0,0,0,16,62,13,55,1016.43,30.02,2,1,WNW,285,2.7,1.6,78,24,75,9,49,100,45,14,58,10,50,1019,30.09,1015,29.96,11,7,0,0,4.0,2.5,1.5,0.9,12,3,0,0.0,0.00,Precip6GroupSynop
2017,11,18,0,0,0,,,,,0,0,0,17,64,12,53,1016.33,30.02,2,1,WNW,299,2.8,1.7,78,23,75,11,52,100,34,14,57,9,48,1018,30.06,1015,29.98,13,8,0,0,5.0,3.1,1.5,0.9,14,2,0,0.0,0.00,3Or6HourObs
2017,11,19,0,0,0,,,,,0,0,0,14,58,12,53,1017.52,30.05,2,1,WSW,250,2.6,1.6,78,22,72,7,45,100,44,14,57,9,48,1019,30.09,1016,30.01,7,5,0,0,4.0,2.5,2.0,1.0,8,6,0,0.0,0.00,3Or6HourObs
2017,11,20,0,0,0,,,,,0,0,0,15,59,10,50,1017.93,30.06,2,1,West,266,2.3,1.4,77,23,73,7,45,100,30,13,55,8,46,1020,30.12,1016,30.01,13,8,0,0,4.0,2.5,1.5,0.9,9,6,0,0.0,0.00,3Or6HourObs
2017,11,21,0,0,0,,,,,0,0,0,16,60,9,49,1015.32,29.99,3,2,WNW,289,2.2,1.4,70,24,75,7,45,100,24,14,57,7,45,1017,30.04,1014,29.94,17,10,0,0,3.5,2.2,1.5,0.9,10,5,0,0.0,0.00,3Or6HourObs
2017,11,22,0,0,0,,,,,0,0,0,15,60,10,49,1014.98,29.98,3,2,WNW,300,2.1,1.2,75,24,76,6,44,100,26,14,57,5,41,1017,30.04,1013,29.92,18,12,0,0,4.0,2.5,1.0,0.6,10,5,0,0.0,0.00,3Or6HourObs
2017,11,23,0,0,0,,,,,0,0,0,16,60,7,45,1013.75,29.94,2,1,West,264,2.9,1.7,65,25,77,6,44,100,16,12,54,3,37,1016,30.00,1012,29.89,11,7,0,0,5.0,3.1,0.5,0.0,10,4,0,0.0,0.00,3Or6HourObs
2017,11,24,0,0,0,,,,,0,0,0,16,60,8,46,1015.72,30.00,1,1,WNW,296,2.1,1.3,70,25,77,6,44,100,20,11,52,3,37,1017,30.04,1014,29.95,13,8,0,0,3.5,2.2,1.5,0.9,10,4,0,0.0,0.00,3Or6HourObs
2017,11,25,0,0,0,,,,,0,0,0,16,61,7,45,1015.76,30.00,1,0,SW,227,2.9,1.7,65,25,78,6,44,100,16,10,50,2,36,1018,30.07,1014,29.94,9,6,0,0,6.0,3.7,1.5,0.9,11,4,0,0.0,0.00,3Or6HourObs
2017,11,26,0,0,0,,,,,0,0,0,16,61,8,47,1017.88,30.06,1,1,West,267,2.4,1.4,66,25,77,7,45,100,16,11,52,3,37,1020,30.13,1016,30.01,11,7,0,0,4.0,2.5,2.0,1.0,11,4,0,0.0,0.00,3Or6HourObs
2017,11,27,1,0,0,,,,,0,0,0,16,61,9,48,1014.60,29.97,2,1,WNW,294,2.1,1.3,69,25,77,7,45,100,21,14,57,7,45,1017,30.04,1012,29.88,11,7,0,0,3.5,2.2,0.5,0.0,11,4,0,0.0,0.00,3Or6HourObs
2017,11,28,1,0,0,,,,,0,0,0,16,61,10,50,1013.51,29.94,0,0,West,270,2.2,1.3,68,25,77,7,45,100,4,13,55,7,45,1015,29.98,1012,29.89,6,4,0,0,3.0,1.9,0.5,0.0,11,4,0,0.0,0.00,3Or6HourObs
2017,11,29,1,0,0,,,,,0,0,0,16,62,9,49,1016.26,30.01,0,0,West,277,1.8,1.1,70,25,78,7,46,100,4,14,57,7,45,1018,30.07,1014,29.95,6,4,0,0,2.5,1.6,0.5,0.0,12,3,0,0.0,0.00,3Or6HourObs
2017,11,30,1,0,0,,,,,0,0,0,15,60,10,50,1016.29,30.02,1,0,West,277,2.1,1.3,73,24,76,6,43,100,23,18,65,5,41,1018,30.06,1014,29.96,7,5,0,0,4.0,2.5,0.5,0.0,10,6,0,0.0,0.00,3Or6HourObs
2017,12,01,1,0,0,,,,,0,0,0,16,60,8,47,1015.67,30.00,1,0,West,277,2.3,1.4,72,25,77,6,43,100,20,12,54,5,41,1018,30.06,1014,29.94,6,4,0,0,4.0,2.5,1.0,0.6,10,5,0,0.0,0.00,3Or6HourObs
2017,12,02,0,0,0,,,,,0,0,0,16,62,9,48,1016.84,30.03,1,1,NNW,336,1.9,1.2,71,25,77,8,46,100,20,13,55,5,41,1019,30.08,1010,29.83,9,6,0,0,2.5,1.6,1.0,0.6,12,4,0,0.0,0.00,3Or6HourObs
2017,12,03,1,0,0,,,,,0,0,0,14,59,10,49,1017.09,30.04,1,1,WNW,302,2.2,1.3,76,23,75,6,43,100,36,14,57,8,46,1019,30.10,1015,29.98,15,9,0,0,3.5,2.2,0.5,0.0,9,6,0,0.0,0.00,3Or6HourObs
2017,12,04,0,0,0,,,,,0,0,0,14,58,8,47,1015.76,30.00,2,1,NW,311,2.1,1.3,74,23,73,6,42,100,25,11,52,6,43,1018,30.06,1013,29.92,17,10,0,0,3.0,1.9,1.5,0.9,8,8,0,0.0,0.00,3Or6HourObs
2017,12,05,0,0,0,,,,,0,0,0,14,58,7,45,1016.43,30.02,2,1,NNW,327,2.5,1.5,73,23,74,5,42,100,27,9,48,5,41,1019,30.09,1015,29.96,18,12,0,0,4.5,2.8,1.5,0.9,8,7,0,0.0,0.00,3Or6HourObs
2017,12,06,0,0,0,,,,,0,0,0,13,55,6,42,1015.85,30.00,3,2,West,277,3.9,2.3,66,22,71,4,39,100,19,10,50,2,36,1018,30.06,1014,29.95,15,9,0,0,6.0,3.7,2.0,1.0,5,10,0,0.0,0.00,3Or6HourObs
2017,12,07,0,0,0,,,,,0,0,0,12,54,4,39,1016.19,30.01,2,1,WNW,300,3.1,1.8,57,22,73,2,35,100,16,8,46,0,32,1018,30.06,1015,29.98,15,9,0,0,4.0,2.5,2.0,1.0,4,11,0,0.0,0.00,3Or6HourObs
2017,12,08,0,0,0,,,,,0,0,0,15,60,6,43,1015.32,29.99,2,2,WNW,283,2.5,1.5,62,25,77,5,42,100,16,9,48,3,37,1018,30.06,1013,29.91,17,10,0,0,4.0,2.5,1.5,0.9,10,6,0,0.0,0.00,3Or6HourObs
2017,12,09,0,0,0,,,,,0,0,0,14,58,7,44,1015.40,29.99,2,1,WNW,290,3.1,1.9,65,24,76,5,41,100,23,9,48,2,36,1017,30.04,1014,29.94,11,7,0,0,5.0,3.1,1.5,0.9,8,6,0,0.0,0.00,3Or6HourObs
2017,12,10,0,0,0,,,,,0,0,0,14,57,7,44,1016.40,30.02,2,2,WNW,300,2.5,1.6,63,23,73,5,41,100,16,11,51,2,36,1018,30.06,1015,29.97,17,10,0,0,3.5,2.2,2.0,1.0,7,8,0,0.0,0.00,Precip6GroupSynop
2017,12,11,0,1,0,,,,,0,1,0,12,54,12,54,1014.70,29.97,7,4,ENE,57,2.1,1.3,93,15,59,10,50,100,72,14,57,10,50,1017,30.04,1012,29.89,17,10,0,0,3.0,1.9,1.0,0.6,4,10,0,11.0,0.43,Precip6GroupSynop
2017,12,12,1,1,0,,,,,0,1,0,12,54,12,54,1015.47,29.99,6,4,SSE,162,0.9,0.6,93,15,60,9,48,100,77,14,57,9,48,1019,30.09,1011,29.86,18,11,0,0,2.5,1.6,0.1,0.0,4,11,0,0.0,0.00,3Or6HourObs
2017,12,13,1,0,0,,,,,0,0,0,12,52,10,51,1019.09,30.09,0,0,Variable,-1,0.2,0.1,96,15,59,8,46,100,77,12,54,8,46,1021,30.15,1017,30.04,4,2,0,0,1.0,1.0,0.0,0.0,2,12,0,0.0,0.00,3Or6HourObs
2017,12,14,1,0,0,,,,,0,0,0,10,50,9,48,1021.09,30.15,2,1,WNW,303,1.2,0.8,92,13,56,7,44,100,81,10,51,7,44,1024,30.23,1020,30.12,13,8,0,0,2.2,1.4,0.0,0.0,0,15,0,0.0,0.00,3Or6HourObs
2017,12,15,1,0,0,,,,,0,0,0,10,51,8,46,1022.27,30.19,1,1,WNW,292,2.0,1.3,89,15,60,5,42,100,54,9,49,6,44,1025,30.26,1020,30.12,9,6,0,0,3.5,2.2,0.0,0.0,1,14,0,0.0,0.00,3Or6HourObs
2017,12,16,0,0,0,,,,,0,0,0,11,52,7,44,1022.26,30.19,4,2,WNW,298,3.4,2.1,76,18,65,4,39,100,35,10,50,4,39,1024,30.24,1021,30.15,18,12,0,0,6.0,3.7,1.5,0.9,2,13,0,0.0,0.00,3Or6HourObs
2017,12,17,0,0,0,,,,,0,0,0,12,53,7,44,1022.59,30.20,3,2,WNW,296,3.2,1.9,74,21,69,3,37,100,31,10,50,4,38,1025,30.27,1021,30.15,17,10,0,0,5.0,3.1,2.0,1.0,3,12,0,0.0,0.00,3Or6HourObs
2017,12,18,0,0,0,,,,,0,0,0,14,56,7,44,1021.32,30.16,7,4,WNW,302,3.3,2.0,68,23,73,4,40,100,19,9,49,3,37,1023,30.22,1020,30.11,20,13,0,0,5.0,3.1,2.0,1.0,6,8,0,0.0,0.00,3Or6HourObs
2017,12,19,0,0,0,,,,,0,0,0,14,58,8,46,1020.62,30.14,1,1,NW,309,2.4,1.5,70,23,74,6,42,100,23,11,52,1,34,1022,30.18,1019,30.09,11,7,0,0,4.0,2.0,2.0,1.0,8,7,0,0.0,0.00,3Or6HourObs
2017,12,20,0,0,0,,,,,0,0,0,16,62,10,49,1021.05,30.15,2,1,West,277,2.5,1.5,72,24,76,8,47,100,22,12,54,6,43,1023,30.22,1020,30.12,11,7,0,0,4.0,2.5,1.5,0.9,12,4,0,0.0,0.00,3Or6HourObs
2017,12,21,0,0,0,,,,,0,0,0,15,60,10,51,1021.45,30.17,1,1,WNW,293,2.6,1.6,77,23,75,7,46,100,36,15,59,9,48,1024,30.24,1020,30.12,13,8,0,0,5.0,3.1,0.8,0.5,10,4,0,0.0,0.00,3Or6HourObs
2017,12,22,0,0,0,,,,,0,0,0,16,60,9,48,1019.48,30.10,4,2,NW,305,3.7,2.2,72,23,74,8,47,100,27,10,50,6,43,1022,30.18,1017,30.04,20,13,0,0,6.0,3.7,2.0,1.0,10,4,0,0.0,0.00,3Or6HourObs
2017,12,23,0,0,0,,,,,0,0,0,13,56,7,45,1015.69,30.00,2,1,WNW,289,2.6,1.6,76,21,70,5,41,100,25,10,50,5,41,1019,30.09,1013,29.93,13,8,0,0,4.5,2.8,1.5,0.9,6,10,0,0.0,0.00,3Or6HourObs
2017,12,24,1,0,0,,,,,0,0,0,13,56,9,48,1016.15,30.01,1,1,SSE,165,1.1,0.7,77,21,71,5,41,100,28,13,55,6,43,1018,30.07,1014,29.95,11,7,0,0,3.0,1.9,0.0,0.0,6,9,0,0.0,0.00,3Or6HourObs
2017,12,25,1,0,0,,,,,0,0,0,12,54,8,45,1018.24,30.07,1,1,WNW,284,1.3,0.8,81,20,69,3,38,100,32,13,55,5,40,1020,30.13,1017,30.03,11,7,0,0,3.0,1.9,0.5,0.0,4,12,0,0.0,0.00,3Or6HourObs
2017,12,26,1,0,0,,,,,0,0,0,12,55,9,47,1017.77,30.06,1,1,WNW,283,1.0,0.6,79,20,69,5,41,100,28,13,55,6,42,1019,30.10,1016,30.02,11,7,0,0,2.0,1.2,0.2,0.0,5,10,0,0.0,0.00,3Or6HourObs
2017,12,27,1,0,0,,,,,0,0,0,14,57,12,53,1017.23,30.04,0,0,Variable,-1,0.9,0.6,93,20,69,7,45,100,72,16,61,8,46,1019,30.09,1016,30.00,6,4,0,0,1.7,1.1,0.2,0.0,7,8,0,0.0,0.00,3Or6HourObs
2017,12,28,1,0,0,,,,,0,0,0,12,55,9,49,1018.10,30.07,1,0,West,280,0.7,0.4,91,20,68,5,42,100,44,12,54,7,45,1020,30.12,1017,30.02,9,6,0,0,2.0,1.2,0.0,0.0,5,10,0,0.0,0.00,3Or6HourObs
2017,12,29,1,0,0,,,,,0,0,0,12,56,9,48,1017.95,30.06,1,1,West,273,2.3,1.4,82,21,71,4,40,100,48,12,54,6,42,1020,30.12,1016,30.01,7,5,0,0,4.0,2.5,0.5,0.0,6,10,0,0.0,0.00,3Or6HourObs
2017,12,30,1,0,0,,,,,0,0,0,13,56,7,45,1017.95,30.06,1,1,West,278,1.8,1.1,74,22,72,4,40,100,20,11,53,3,37,1020,30.12,1016,30.01,9,6,0,0,3.5,2.2,0.5,0.0,6,9,0,0.0,0.00,3Or6HourObs
